/*
SQLyog Ultimate v12.4.1 (64 bit)
MySQL - 5.7.20 : Database - housekeeper
*********************************************************************
*/

/*!40101 SET NAMES utf8 */;

/*!40101 SET SQL_MODE=''*/;

/*!40014 SET @OLD_UNIQUE_CHECKS=@@UNIQUE_CHECKS, UNIQUE_CHECKS=0 */;
/*!40014 SET @OLD_FOREIGN_KEY_CHECKS=@@FOREIGN_KEY_CHECKS, FOREIGN_KEY_CHECKS=0 */;
/*!40101 SET @OLD_SQL_MODE=@@SQL_MODE, SQL_MODE='NO_AUTO_VALUE_ON_ZERO' */;
/*!40111 SET @OLD_SQL_NOTES=@@SQL_NOTES, SQL_NOTES=0 */;
CREATE DATABASE /*!32312 IF NOT EXISTS*/`housekeeper` /*!40100 DEFAULT CHARACTER SET utf8 */;

USE `housekeeper`;

/*Table structure for table `tb_xn_account_account` */

DROP TABLE IF EXISTS `tb_xn_account_account`;

CREATE TABLE `tb_xn_account_account` (
  `account_id` int(11) NOT NULL AUTO_INCREMENT COMMENT '财务ID',
  `account_title` varchar(20) NOT NULL COMMENT '财务标题',
  `user_id` int(11) NOT NULL COMMENT '所属哪个用户的账务',
  `type_id` int(11) NOT NULL COMMENT '财务分类ID',
  `account_fee` double NOT NULL COMMENT '金额',
  `account_type` varchar(50) NOT NULL COMMENT '财务类型:现金还是各种银行',
  `curmonth` varchar(6) NOT NULL COMMENT '创建月份:YYYYmm',
  `curday` varchar(8) NOT NULL COMMENT '创建日期:YYYYmmdd',
  `create_time` datetime NOT NULL COMMENT '创建时间',
  `update_time` datetime DEFAULT NULL COMMENT '更新时间',
  `remark` varchar(255) DEFAULT NULL COMMENT '备注信息',
  `is_ok` tinyint(1) NOT NULL DEFAULT '0' COMMENT '是否有效,0:有效;1:无效',
  PRIMARY KEY (`account_id`),
  KEY `isDeleted` (`is_ok`),
  KEY `selected` (`user_id`,`type_id`,`curday`)
) ENGINE=InnoDB AUTO_INCREMENT=177 DEFAULT CHARSET=utf8;

/*Data for the table `tb_xn_account_account` */

insert  into `tb_xn_account_account`(`account_id`,`account_title`,`user_id`,`type_id`,`account_fee`,`account_type`,`curmonth`,`curday`,`create_time`,`update_time`,`remark`,`is_ok`) values 
(137,'羽绒服',1,1,200.86,'现金','201801','20180107','2018-01-07 01:21:49','2018-01-07 01:21:49','买衣服',0),
(138,'工资',1,5,8000.5,'工商银行','201801','20180107','2018-01-07 01:23:06','2018-01-07 01:23:06','工资转入',0),
(139,'微信红包',1,9,20,'现金','201801','20180107','2018-01-07 01:24:24','2018-01-07 01:25:35','微信红包',0),
(140,'工资',11,16,8000.45,'建设银行','201801','20180107','2018-01-07 01:35:01','2018-01-07 01:37:16','工资转入',0),
(141,'坐公交',11,14,45.26,'现金','201801','20180107','2018-01-07 01:35:47','2018-01-10 14:03:27','坐公交',0),
(142,'买手机',11,21,2500.56,'支付宝花呗','201801','20180107','2018-01-07 01:36:54','2018-01-10 14:03:24','魅蓝note6',0),
(143,'牛仔裤',1,1,45.26,'现金','201801','20180110','2018-01-10 09:18:54','2018-01-10 09:18:54','买裤子',0),
(144,'中彩票',1,6,456.23,'农业银行','201801','20180110','2018-01-10 09:19:38','2018-01-10 09:19:38','彩票中奖',0),
(145,'坐公交',1,3,45.98,'现金','201801','20180110','2018-01-10 09:20:14','2018-01-10 09:20:14','坐地铁去火车站',0),
(146,'房租',1,4,750.65,'微信转账','201801','20180110','2018-01-10 09:21:12','2018-01-10 09:21:12','12月房租',0),
(147,'礼金',1,9,789.56,'现金','201801','20180110','2018-01-10 09:22:05','2018-01-10 09:22:05','表姐结婚',0),
(148,'K歌',1,10,79.56,'支付宝转账','201801','20180110','2018-01-10 09:23:02','2018-01-10 09:23:02','和朋友唱歌',0),
(149,'吃饭',1,2,456.23,'建设银行','201801','20180110','2018-01-10 09:26:00','2018-01-10 09:26:00','班级聚会',0),
(150,'坐地铁',1,3,789.45,'现金','201801','20180110','2018-01-10 09:28:24','2018-01-10 09:28:24','杭州地铁',0),
(151,'给冯提莫刷礼物',11,21,100.23,'支付宝','201801','20180110','2018-01-10 09:45:27','2018-01-10 14:03:21','20个超级火箭',0),
(152,'午饭',9,43,45.26,'现金','201801','20180110','2018-01-10 10:30:18','2018-01-10 10:30:18','吃午饭',0),
(153,'工资',9,46,8500.52,'建设银行','201801','20180110','2018-01-10 10:38:19','2018-01-10 10:38:19','12月工资转入',0),
(154,'开通ofo',9,44,200.25,'支付宝','201801','20180110','2018-01-10 10:39:14','2018-01-10 10:39:14','共享单车',0),
(155,'眼镜',9,52,189.23,'微信转账','201801','20180110','2018-01-10 10:40:04','2018-01-10 10:40:04','买近视眼镜',0),
(156,'皮鞋',9,42,234.56,'现金','201801','20180110','2018-01-10 10:40:34','2018-01-10 10:40:34','买双皮鞋',0),
(157,'红包',9,50,123.56,'建设银行','201801','20180110','2018-01-10 10:41:24','2018-01-10 15:33:35','微信转账',1),
(158,'溜冰',9,51,45.89,'现金','201801','20180110','2018-01-10 10:41:55','2018-01-10 10:41:55','同学溜冰',0),
(159,'唱歌',11,21,23.12,'支付宝','201801','20180110','2018-01-10 13:54:33','2018-01-10 13:54:55','KTV',0),
(164,'买车',11,14,200,'现金','201801','20180110','2018-01-10 14:04:00','2018-01-10 14:04:00','自行车',0),
(165,'买房',11,15,100,'现金','201801','20180110','2018-01-10 14:05:00','2018-01-10 14:05:00','茅房',0),
(166,'买衣服',11,12,50,'现金','201801','20180110','2018-01-10 14:05:31','2018-01-10 14:05:31','裤衩',0),
(167,'买眼镜',11,22,2000,'现金','201801','20180110','2018-01-10 14:06:07','2018-01-10 14:06:07','显微镜',0),
(168,'买装备',11,21,5000,'现金','201801','20180110','2018-01-10 14:07:11','2018-01-10 14:07:11','2018年庆套装',0),
(169,'万达一日游',1,10,452.13,'支付宝','201801','20180111','2018-01-11 15:04:11','2018-01-11 15:04:11','万达娱乐',0),
(170,'股票',1,6,7800.56,'建设银行','201801','20180111','2018-01-11 15:05:51','2018-01-11 15:05:51','股票大涨',0),
(171,'帽子',1,1,85.69,'现金','201801','20180111','2018-01-11 15:06:57','2018-01-11 15:07:48','冬天帽',1),
(173,'黄焖鸡',9,43,45.68,'现金','201801','20180111','2018-01-11 15:16:32','2018-01-11 15:20:15','午饭',1),
(174,'红包',9,48,5600,'微信转账','201801','20180111','2018-01-11 15:18:34','2018-01-11 15:18:34','老爸红包',0),
(175,'热水壶',9,53,345.78,'支付宝','201801','20180111','2018-01-11 15:19:58','2018-01-11 15:19:58','热水壶',0),
(176,'吃饭',11,13,52.36,'现金','201801','20180125','2018-01-25 15:58:03','2018-01-25 15:58:03','黄焖鸡',0);

/*Table structure for table `tb_xn_account_money` */

DROP TABLE IF EXISTS `tb_xn_account_money`;

CREATE TABLE `tb_xn_account_money` (
  `money_id` int(11) NOT NULL AUTO_INCREMENT COMMENT '主键ID',
  `user_id` int(11) NOT NULL COMMENT '用户ID',
  `in_fee` double NOT NULL DEFAULT '0' COMMENT '收入金额',
  `out_fee` double NOT NULL DEFAULT '0' COMMENT '支出金额',
  `total_fee` double NOT NULL DEFAULT '0' COMMENT '总资产',
  `curmonth` varchar(6) NOT NULL COMMENT '创建月份',
  `curday` varchar(8) NOT NULL COMMENT '创建日期',
  `create_time` datetime NOT NULL COMMENT '创建时间',
  `update_time` datetime NOT NULL COMMENT '最后更新时间',
  `is_ok` tinyint(1) NOT NULL DEFAULT '0' COMMENT '是否有效',
  PRIMARY KEY (`money_id`),
  KEY `isDeleted` (`is_ok`),
  KEY `selected` (`user_id`,`curday`)
) ENGINE=InnoDB AUTO_INCREMENT=11 DEFAULT CHARSET=utf8;

/*Data for the table `tb_xn_account_money` */

insert  into `tb_xn_account_money`(`money_id`,`user_id`,`in_fee`,`out_fee`,`total_fee`,`curmonth`,`curday`,`create_time`,`update_time`,`is_ok`) values 
(3,1,8056.96,220.86,7836.1,'201801','20180107','2018-01-07 01:21:49','2018-01-07 01:25:35',0),
(4,11,8800.9,2545.82,6255.08,'201801','20180107','2018-01-07 01:35:01','2018-01-07 01:37:16',0),
(6,11,2000,18751,1981249,'201801','20180110','2018-01-10 09:45:27','2018-01-10 14:07:11',0),
(7,9,8500.52,962.31,7538.21,'201801','20180110','2018-01-10 10:30:18','2018-01-10 15:33:35',0),
(8,1,7800.56,452.12,7348.43,'201801','20180111','2018-01-11 15:04:11','2018-01-11 15:07:48',0),
(9,9,5600,345.78,5254.22,'201801','20180111','2018-01-11 15:16:32','2018-01-11 15:20:15',0),
(10,11,0,52.36,-52.36,'201801','20180125','2018-01-25 15:58:03','2018-01-25 15:58:03',0);

/*Table structure for table `tb_xn_account_type` */

DROP TABLE IF EXISTS `tb_xn_account_type`;

CREATE TABLE `tb_xn_account_type` (
  `type_id` int(11) NOT NULL AUTO_INCREMENT COMMENT '账务类别ID',
  `user_id` int(11) NOT NULL COMMENT '所属哪个用户的账户类别',
  `type_name` varchar(50) NOT NULL COMMENT '账务类别名称',
  `parent_type` varchar(4) NOT NULL COMMENT '所属父类别',
  `create_time` datetime NOT NULL COMMENT '创建时间',
  `update_time` datetime NOT NULL COMMENT '修改时间',
  `remark` varchar(255) DEFAULT NULL COMMENT '备注信息',
  `is_ok` tinyint(1) NOT NULL DEFAULT '0' COMMENT '是否有效,0:有效;1:无效',
  PRIMARY KEY (`type_id`),
  KEY `isDeleted` (`is_ok`),
  KEY `selected` (`user_id`,`parent_type`)
) ENGINE=InnoDB AUTO_INCREMENT=55 DEFAULT CHARSET=utf8;

/*Data for the table `tb_xn_account_type` */

insert  into `tb_xn_account_type`(`type_id`,`user_id`,`type_name`,`parent_type`,`create_time`,`update_time`,`remark`,`is_ok`) values 
(1,1,'服装支出','支出','2018-01-04 11:47:49','2018-01-04 11:47:49','买衣服',0),
(2,1,'吃饭支出','支出','2018-01-04 11:51:43','2018-01-04 11:51:43','吃饭',0),
(3,1,'交通支出','支出','2018-01-04 11:51:43','2018-01-04 11:51:43','坐公交地铁',0),
(4,1,'住房支出','支出','2018-01-04 11:51:43','2018-01-04 11:51:43','交房租',0),
(5,1,'工资收入','收入','2018-01-04 11:51:43','2018-01-04 11:51:43','发工资',0),
(6,1,'股票收入','收入','2018-01-04 11:51:43','2018-01-04 11:51:43','中股票',0),
(7,1,'红包收入','收入','2018-01-04 11:51:43','2018-01-04 11:51:43','收红包',0),
(8,1,'其他收入','收入','2018-01-04 11:51:43','2018-01-04 11:51:43','其他',0),
(9,1,'礼金支出','支出','2018-01-04 11:51:43','2018-01-04 11:51:43','送礼',0),
(10,1,'娱乐支出','支出','2018-01-04 11:51:43','2018-01-04 11:51:43','娱乐玩耍',0),
(11,1,'其他支出','支出','2018-01-04 11:51:43','2018-01-04 11:51:43','其他',0),
(12,11,'服装支出','支出','2018-01-04 11:52:21','2018-01-04 11:52:21','买衣服',0),
(13,11,'吃饭支出','支出','2018-01-04 11:52:21','2018-01-04 11:52:21','吃饭',0),
(14,11,'交通支出','支出','2018-01-04 11:52:21','2018-01-04 11:52:21','坐公交地铁',0),
(15,11,'住房支出','支出','2018-01-04 11:52:21','2018-01-04 11:52:21','交房租',0),
(16,11,'工资收入','收入','2018-01-04 11:52:21','2018-01-04 11:52:21','发工资',0),
(17,11,'股票收入','收入','2018-01-04 11:52:21','2018-01-04 11:52:21','中股票',0),
(18,11,'红包收入','收入','2018-01-04 11:52:21','2018-01-04 11:52:21','收红包',0),
(19,11,'其他收入','收入','2018-01-04 11:52:21','2018-01-04 11:52:21','其他',0),
(20,11,'礼金支出','支出','2018-01-04 11:52:21','2018-01-04 11:52:21','送礼',0),
(21,11,'娱乐支出','支出','2018-01-04 11:52:21','2018-01-04 11:52:21','娱乐玩耍',0),
(22,11,'其他支出','支出','2018-01-04 11:52:21','2018-01-04 11:52:21','其他',0),
(23,12,'服装支出','支出','2018-01-04 11:53:08','2018-01-04 11:53:08','买衣服',0),
(24,12,'吃饭支出','支出','2018-01-04 11:53:08','2018-01-04 11:53:08','吃饭',0),
(25,12,'交通支出','支出','2018-01-04 11:53:08','2018-01-04 11:53:08','坐公交地铁',0),
(26,12,'住房支出','支出','2018-01-04 11:53:08','2018-01-04 11:53:08','交房租',0),
(27,12,'工资收入','收入','2018-01-04 11:53:08','2018-01-04 11:53:08','发工资',0),
(28,12,'股票收入','收入','2018-01-04 11:53:08','2018-01-04 11:53:08','中股票',0),
(29,12,'红包收入','收入','2018-01-04 11:53:08','2018-01-04 11:53:08','收红包',0),
(30,12,'其他收入','收入','2018-01-04 11:53:08','2018-01-04 11:53:08','其他',0),
(31,12,'礼金支出','支出','2018-01-04 11:53:08','2018-01-04 11:53:08','送礼',0),
(32,12,'娱乐支出','支出','2018-01-04 11:53:08','2018-01-04 11:53:08','娱乐玩耍',0),
(33,12,'其他支出','支出','2018-01-04 11:53:08','2018-01-04 11:53:08','其他',0),
(40,12,'工资收入','收入','2018-01-07 01:44:37','2018-01-07 01:44:37','工资收入',0),
(42,9,'服装支出','支出','2018-01-04 11:47:49','2018-01-04 11:47:49','买衣服',0),
(43,9,'吃饭支出','支出','2018-01-04 11:51:43','2018-01-04 11:51:43','吃饭',0),
(44,9,'交通支出','支出','2018-01-04 11:51:43','2018-01-04 11:51:43','坐公交地铁',0),
(45,9,'住房支出','支出','2018-01-04 11:51:43','2018-01-04 11:51:43','交房租',0),
(46,9,'工资收入','收入','2018-01-04 11:51:43','2018-01-04 11:51:43','发工资',0),
(47,9,'股票收入','收入','2018-01-04 11:51:43','2018-01-04 11:51:43','中股票',0),
(48,9,'红包收入','收入','2018-01-04 11:51:43','2018-01-04 11:51:43','收红包',0),
(49,9,'其他收入','收入','2018-01-04 11:51:43','2018-01-04 11:51:43','其他',0),
(50,9,'礼金支出','支出','2018-01-04 11:51:43','2018-01-04 11:51:43','送礼',0),
(51,9,'娱乐支出','支出','2018-01-04 11:51:43','2018-01-04 11:51:43','娱乐玩耍',0),
(52,9,'其他支出','支出','2018-01-04 11:51:43','2018-01-04 11:51:43','其他',0),
(53,9,'生活支出','支出','2018-01-11 15:19:28','2018-01-11 15:19:28','生活支出',0),
(54,1,'生活支出','支出','2018-01-13 14:27:25','2018-01-13 14:27:25','生活支出',0);

/*Table structure for table `tb_xn_data_channel` */

DROP TABLE IF EXISTS `tb_xn_data_channel`;

CREATE TABLE `tb_xn_data_channel` (
  `id` int(11) NOT NULL AUTO_INCREMENT COMMENT '主键',
  `curday` varchar(100) NOT NULL COMMENT '日期',
  `partner` varchar(255) NOT NULL COMMENT '合作方',
  `app_name` varchar(100) NOT NULL COMMENT '应用名称',
  `channel_num` varchar(255) NOT NULL COMMENT '渠道号',
  `active_num` varchar(100) NOT NULL COMMENT '激活数',
  `fee` varchar(100) NOT NULL COMMENT '单价',
  `sum_fee` varchar(100) NOT NULL COMMENT '总额',
  `status` varchar(10) NOT NULL COMMENT '开放状态',
  `partner_type` varchar(100) NOT NULL COMMENT '合作方式',
  `createtime` datetime NOT NULL COMMENT '创建时间',
  PRIMARY KEY (`id`)
) ENGINE=InnoDB AUTO_INCREMENT=855 DEFAULT CHARSET=utf8;

/*Data for the table `tb_xn_data_channel` */

insert  into `tb_xn_data_channel`(`id`,`curday`,`partner`,`app_name`,`channel_num`,`active_num`,`fee`,`sum_fee`,`status`,`partner_type`,`createtime`) values 
(1,'2017-06-01','boxingda06','360卫士','boxingda_06','2492','1.1','2741.2','1','CPA','2018-01-22 11:56:31'),
(2,'2017-06-02','boxingda06','360卫士','boxingda_06','2219','1.1','2440.9','1','CPA','2018-01-22 11:56:31'),
(3,'2017-06-03','boxingda06','360卫士','boxingda_06','2588','1.1','2846.8','1','CPA','2018-01-22 11:56:31'),
(4,'2017-06-04','boxingda06','360卫士','boxingda_06','2465','1.1','2711.5','1','CPA','2018-01-22 11:56:31'),
(5,'2017-06-05','boxingda06','360卫士','boxingda_06','2709','1.1','2979.9','1','CPA','2018-01-22 11:56:31'),
(6,'2017-06-06','boxingda06','360卫士','boxingda_06','3133','1.1','3446.3','1','CPA','2018-01-22 11:56:31'),
(7,'2017-06-07','boxingda06','360卫士','boxingda_06','2746','1.1','3020.6','1','CPA','2018-01-22 11:56:31'),
(8,'2017-06-08','boxingda06','360卫士','boxingda_06','2961','1.1','3257.1','1','CPA','2018-01-22 11:56:31'),
(9,'2017-06-09','boxingda06','360卫士','boxingda_06','3167','1.1','3483.7','1','CPA','2018-01-22 11:56:31'),
(10,'2017-06-10','boxingda06','360卫士','boxingda_06','3458','1.1','3803.8','1','CPA','2018-01-22 11:56:31'),
(11,'2017-06-11','boxingda06','360卫士','boxingda_06','3181','1.1','3499.1','1','CPA','2018-01-22 11:56:31'),
(12,'2017-06-12','boxingda06','360卫士','boxingda_06','3044','1.1','3348.4','1','CPA','2018-01-22 11:56:31'),
(13,'2017-06-13','boxingda06','360卫士','boxingda_06','3357','1.1','3692.7','1','CPA','2018-01-22 11:56:31'),
(14,'2017-06-14','boxingda06','360卫士','boxingda_06','3025','1.1','3327.5','1','CPA','2018-01-22 11:56:31'),
(15,'2017-06-15','boxingda06','360卫士','boxingda_06','3156','1.1','3471.6','1','CPA','2018-01-22 11:56:31'),
(16,'2017-06-16','boxingda06','360卫士','boxingda_06','3539','1.1','3892.9','1','CPA','2018-01-22 11:56:31'),
(17,'2017-06-17','boxingda06','360卫士','boxingda_06','3330','1.1','3663.0','1','CPA','2018-01-22 11:56:31'),
(18,'2017-06-18','boxingda06','360卫士','boxingda_06','3028','1.1','3330.8','1','CPA','2018-01-22 11:56:31'),
(19,'2017-06-19','boxingda06','360卫士','boxingda_06','3438','1.1','3781.8','1','CPA','2018-01-22 11:56:31'),
(20,'2017-06-20','boxingda06','360卫士','boxingda_06','3176','1.1','3493.6','1','CPA','2018-01-22 11:56:31'),
(21,'2017-06-21','boxingda06','360卫士','boxingda_06','3137','1.1','3450.7','1','CPA','2018-01-22 11:56:31'),
(22,'2017-06-22','boxingda06','360卫士','boxingda_06','2943','1.1','3237.3','1','CPA','2018-01-22 11:56:31'),
(23,'2017-06-23','boxingda06','360卫士','boxingda_06','3268','1.1','3594.8','1','CPA','2018-01-22 11:56:31'),
(24,'2017-06-24','boxingda06','360卫士','boxingda_06','3071','1.1','3378.1','1','CPA','2018-01-22 11:56:31'),
(25,'2017-06-25','boxingda06','360卫士','boxingda_06','3406','1.1','3746.6','1','CPA','2018-01-22 11:56:31'),
(26,'2017-06-26','boxingda06','360卫士','boxingda_06','3211','1.1','3532.1','1','CPA','2018-01-22 11:56:31'),
(27,'2017-06-27','boxingda06','360卫士','boxingda_06','3022','1.1','3324.2','1','CPA','2018-01-22 11:56:31'),
(28,'2017-06-28','boxingda06','360卫士','boxingda_06','2788','1.1','3066.8','1','CPA','2018-01-22 11:56:31'),
(29,'2017-06-29','boxingda06','360卫士','boxingda_06','2447','1.1','2691.7','1','CPA','2018-01-22 11:56:31'),
(30,'2017-06-30','boxingda06','360卫士','boxingda_06','2023','1.1','2225.3','1','CPA','2018-01-22 11:56:31'),
(31,'2017-07-01','boxingda06','360卫士','boxingda_06','1982','1.1','2180.2','1','CPA','2018-01-22 11:56:31'),
(32,'2017-07-02','boxingda06','360卫士','boxingda_06','1693','1.1','1862.3','1','CPA','2018-01-22 11:56:31'),
(33,'2017-07-03','boxingda06','360卫士','boxingda_06','1404','1.1','1544.4','1','CPA','2018-01-22 11:56:31'),
(34,'2017-07-04','boxingda06','360卫士','boxingda_06','1096','1.1','1205.6','1','CPA','2018-01-22 11:56:31'),
(35,'2017-07-05','boxingda06','360卫士','boxingda_06','894','1.1','983.4','1','CPA','2018-01-22 11:56:31'),
(36,'2017-07-06','boxingda06','360卫士','boxingda_06','791','1.1','870.1','1','CPA','2018-01-22 11:56:31'),
(37,'2017-07-07','boxingda06','360卫士','boxingda_06','647','1.1','711.7','1','CPA','2018-01-22 11:56:31'),
(38,'2017-07-08','boxingda06','360卫士','boxingda_06','817','1.1','898.7','1','CPA','2018-01-22 11:56:31'),
(39,'2017-07-09','boxingda06','360卫士','boxingda_06','1094','1.1','1203.4','1','CPA','2018-01-22 11:56:31'),
(40,'2017-07-10','boxingda06','360卫士','boxingda_06','1308','1.1','1438.8','1','CPA','2018-01-22 11:56:31'),
(41,'2017-07-11','boxingda06','360卫士','boxingda_06','1485','1.1','1633.5','1','CPA','2018-01-22 11:56:31'),
(42,'2017-07-12','boxingda06','360卫士','boxingda_06','1219','1.1','1340.9','1','CPA','2018-01-22 11:56:31'),
(43,'2017-07-13','boxingda06','360卫士','boxingda_06','1203','1.1','1323.3','1','CPA','2018-01-22 11:56:31'),
(44,'2017-07-14','boxingda06','360卫士','boxingda_06','1354','1.1','1489.4','1','CPA','2018-01-22 11:56:31'),
(45,'2017-07-15','boxingda06','360卫士','boxingda_06','1288','1.1','1416.8','1','CPA','2018-01-22 11:56:31'),
(46,'2017-07-16','boxingda06','360卫士','boxingda_06','1471','1.1','1618.1','1','CPA','2018-01-22 11:56:31'),
(47,'2017-07-17','boxingda06','360卫士','boxingda_06','1594','1.1','1753.4','1','CPA','2018-01-22 11:56:31'),
(48,'2017-07-18','boxingda06','360卫士','boxingda_06','1263','1.1','1389.3','1','CPA','2018-01-22 11:56:31'),
(49,'2017-07-19','boxingda06','360卫士','boxingda_06','1566','1.1','1722.6','1','CPA','2018-01-22 11:56:31'),
(50,'2017-07-20','boxingda06','360卫士','boxingda_06','1350','1.1','1485.0','1','CPA','2018-01-22 11:56:31'),
(51,'2017-07-21','boxingda06','360卫士','boxingda_06','1445','1.1','1589.5','1','CPA','2018-01-22 11:56:31'),
(52,'2017-07-22','boxingda06','360卫士','boxingda_06','1348','1.1','1482.8','1','CPA','2018-01-22 11:56:31'),
(53,'2017-07-23','boxingda06','360卫士','boxingda_06','1379','1.1','1516.9','1','CPA','2018-01-22 11:56:31'),
(54,'2017-07-24','boxingda06','360卫士','boxingda_06','1590','1.1','1749.0','1','CPA','2018-01-22 11:56:31'),
(55,'2017-07-25','boxingda06','360卫士','boxingda_06','1839','1.1','2022.9','1','CPA','2018-01-22 11:56:31'),
(56,'2017-07-26','boxingda06','360卫士','boxingda_06','1441','1.1','1585.1','1','CPA','2018-01-22 11:56:31'),
(57,'2017-07-27','boxingda06','360卫士','boxingda_06','1640','1.1','1804.0','1','CPA','2018-01-22 11:56:31'),
(58,'2017-07-28','boxingda06','360卫士','boxingda_06','1475','1.1','1622.5','1','CPA','2018-01-22 11:56:31'),
(59,'2017-07-29','boxingda06','360卫士','boxingda_06','1634','1.1','1797.4','1','CPA','2018-01-22 11:56:31'),
(60,'2017-07-30','boxingda06','360卫士','boxingda_06','1577','1.1','1734.7','1','CPA','2018-01-22 11:56:31'),
(61,'2017-07-31','boxingda06','360卫士','boxingda_06','1261','1.1','1387.1','1','CPA','2018-01-22 11:56:31'),
(62,'2017-06-01','boxingda06','暴风影音视频播放器','boxingda_06','1171','1.2','1405.2','1','CPA','2018-01-22 11:56:31'),
(63,'2017-06-02','boxingda06','暴风影音视频播放器','boxingda_06','1133','1.2','1359.6','1','CPA','2018-01-22 11:56:31'),
(64,'2017-06-03','boxingda06','暴风影音视频播放器','boxingda_06','1264','1.2','1516.8','1','CPA','2018-01-22 11:56:31'),
(65,'2017-06-04','boxingda06','暴风影音视频播放器','boxingda_06','1097','1.2','1316.4','1','CPA','2018-01-22 11:56:31'),
(66,'2017-06-05','boxingda06','暴风影音视频播放器','boxingda_06','1097','1.2','1316.4','1','CPA','2018-01-22 11:56:31'),
(67,'2017-06-06','boxingda06','暴风影音视频播放器','boxingda_06','1478','1.2','1773.6','1','CPA','2018-01-22 11:56:31'),
(68,'2017-06-07','boxingda06','暴风影音视频播放器','boxingda_06','1375','1.2','1650.0','1','CPA','2018-01-22 11:56:31'),
(69,'2017-06-08','boxingda06','暴风影音视频播放器','boxingda_06','1502','1.2','1802.4','1','CPA','2018-01-22 11:56:31'),
(70,'2017-06-09','boxingda06','暴风影音视频播放器','boxingda_06','1247','1.2','1496.4','1','CPA','2018-01-22 11:56:31'),
(71,'2017-06-10','boxingda06','暴风影音视频播放器','boxingda_06','1467','1.2','1760.4','1','CPA','2018-01-22 11:56:31'),
(72,'2017-06-11','boxingda06','暴风影音视频播放器','boxingda_06','1501','1.2','1801.2','1','CPA','2018-01-22 11:56:31'),
(73,'2017-06-12','boxingda06','暴风影音视频播放器','boxingda_06','1475','1.2','1770.0','1','CPA','2018-01-22 11:56:31'),
(74,'2017-06-13','boxingda06','暴风影音视频播放器','boxingda_06','1479','1.2','1774.8','1','CPA','2018-01-22 11:56:31'),
(75,'2017-06-14','boxingda06','暴风影音视频播放器','boxingda_06','1333','1.2','1599.6','1','CPA','2018-01-22 11:56:31'),
(76,'2017-06-15','boxingda06','暴风影音视频播放器','boxingda_06','1316','1.2','1579.2','1','CPA','2018-01-22 11:56:31'),
(77,'2017-06-16','boxingda06','暴风影音视频播放器','boxingda_06','1575','1.2','1890.0','1','CPA','2018-01-22 11:56:31'),
(78,'2017-06-17','boxingda06','暴风影音视频播放器','boxingda_06','1396','1.2','1675.2','1','CPA','2018-01-22 11:56:31'),
(79,'2017-06-18','boxingda06','暴风影音视频播放器','boxingda_06','1528','1.2','1833.6','1','CPA','2018-01-22 11:56:31'),
(80,'2017-06-19','boxingda06','暴风影音视频播放器','boxingda_06','1358','1.2','1629.6','1','CPA','2018-01-22 11:56:31'),
(81,'2017-06-20','boxingda06','暴风影音视频播放器','boxingda_06','1412','1.2','1694.4','1','CPA','2018-01-22 11:56:31'),
(82,'2017-06-21','boxingda06','暴风影音视频播放器','boxingda_06','1466','1.2','1759.2','1','CPA','2018-01-22 11:56:31'),
(83,'2017-06-22','boxingda06','暴风影音视频播放器','boxingda_06','1579','1.2','1894.8','1','CPA','2018-01-22 11:56:31'),
(84,'2017-06-23','boxingda06','暴风影音视频播放器','boxingda_06','1369','1.2','1642.8','1','CPA','2018-01-22 11:56:31'),
(85,'2017-06-24','boxingda06','暴风影音视频播放器','boxingda_06','1348','1.2','1617.6','1','CPA','2018-01-22 11:56:31'),
(86,'2017-06-25','boxingda06','暴风影音视频播放器','boxingda_06','1561','1.2','1873.2','1','CPA','2018-01-22 11:56:31'),
(87,'2017-06-26','boxingda06','暴风影音视频播放器','boxingda_06','1298','1.2','1557.6','1','CPA','2018-01-22 11:56:31'),
(88,'2017-06-27','boxingda06','暴风影音视频播放器','boxingda_06','1075','1.2','1290.0','1','CPA','2018-01-22 11:56:31'),
(89,'2017-06-28','boxingda06','暴风影音视频播放器','boxingda_06','1731','1.2','2077.2','1','CPA','2018-01-22 11:56:31'),
(90,'2017-06-29','boxingda06','暴风影音视频播放器','boxingda_06','1145','1.2','1374.0','1','CPA','2018-01-22 11:56:31'),
(91,'2017-06-30','boxingda06','暴风影音视频播放器','boxingda_06','1105','1.2','1326.0','1','CPA','2018-01-22 11:56:31'),
(92,'2017-07-01','boxingda06','暴风影音视频播放器','boxingda_06','1070','1.2','1284.0','1','CPA','2018-01-22 11:56:31'),
(93,'2017-07-02','boxingda06','暴风影音视频播放器','boxingda_06','994','1.2','1192.8','1','CPA','2018-01-22 11:56:31'),
(94,'2017-07-03','boxingda06','暴风影音视频播放器','boxingda_06','889','1.2','1066.8','1','CPA','2018-01-22 11:56:31'),
(95,'2017-07-04','boxingda06','暴风影音视频播放器','boxingda_06','804','1.2','964.8','1','CPA','2018-01-22 11:56:31'),
(96,'2017-07-05','boxingda06','暴风影音视频播放器','boxingda_06','800','1.2','960.0','1','CPA','2018-01-22 11:56:31'),
(97,'2017-07-06','boxingda06','暴风影音视频播放器','boxingda_06','1108','1.2','1329.6','1','CPA','2018-01-22 11:56:31'),
(98,'2017-07-07','boxingda06','暴风影音视频播放器','boxingda_06','1098','1.2','1317.6','1','CPA','2018-01-22 11:56:31'),
(99,'2017-07-08','boxingda06','暴风影音视频播放器','boxingda_06','1136','1.2','1363.2','1','CPA','2018-01-22 11:56:31'),
(100,'2017-07-09','boxingda06','暴风影音视频播放器','boxingda_06','1014','1.2','1216.8','1','CPA','2018-01-22 11:56:31'),
(101,'2017-07-10','boxingda06','暴风影音视频播放器','boxingda_06','1202','1.2','1442.4','1','CPA','2018-01-22 11:56:31'),
(102,'2017-07-11','boxingda06','暴风影音视频播放器','boxingda_06','1131','1.2','1357.2','1','CPA','2018-01-22 11:56:31'),
(103,'2017-07-12','boxingda06','暴风影音视频播放器','boxingda_06','1245','1.2','1494.0','1','CPA','2018-01-22 11:56:31'),
(104,'2017-07-13','boxingda06','暴风影音视频播放器','boxingda_06','1118','1.2','1341.6','1','CPA','2018-01-22 11:56:31'),
(105,'2017-07-14','boxingda06','暴风影音视频播放器','boxingda_06','1375','1.2','1650.0','1','CPA','2018-01-22 11:56:31'),
(106,'2017-07-15','boxingda06','暴风影音视频播放器','boxingda_06','1072','1.2','1286.4','1','CPA','2018-01-22 11:56:31'),
(107,'2017-07-16','boxingda06','暴风影音视频播放器','boxingda_06','1400','1.2','1680.0','1','CPA','2018-01-22 11:56:31'),
(108,'2017-07-17','boxingda06','暴风影音视频播放器','boxingda_06','1369','1.2','1642.8','1','CPA','2018-01-22 11:56:31'),
(109,'2017-07-18','boxingda06','暴风影音视频播放器','boxingda_06','1261','1.2','1513.2','1','CPA','2018-01-22 11:56:31'),
(110,'2017-07-19','boxingda06','暴风影音视频播放器','boxingda_06','1370','1.2','1644.0','1','CPA','2018-01-22 11:56:31'),
(111,'2017-07-20','boxingda06','暴风影音视频播放器','boxingda_06','1339','1.2','1606.8','1','CPA','2018-01-22 11:56:31'),
(112,'2017-07-21','boxingda06','暴风影音视频播放器','boxingda_06','1201','1.2','1441.2','1','CPA','2018-01-22 11:56:31'),
(113,'2017-07-22','boxingda06','暴风影音视频播放器','boxingda_06','1177','1.2','1412.4','1','CPA','2018-01-22 11:56:31'),
(114,'2017-07-23','boxingda06','暴风影音视频播放器','boxingda_06','1212','1.2','1454.4','1','CPA','2018-01-22 11:56:31'),
(115,'2017-07-24','boxingda06','暴风影音视频播放器','boxingda_06','1193','1.2','1431.6','1','CPA','2018-01-22 11:56:31'),
(116,'2017-07-25','boxingda06','暴风影音视频播放器','boxingda_06','1386','1.2','1663.2','1','CPA','2018-01-22 11:56:31'),
(117,'2017-07-26','boxingda06','暴风影音视频播放器','boxingda_06','1442','1.2','1730.4','1','CPA','2018-01-22 11:56:31'),
(118,'2017-07-27','boxingda06','暴风影音视频播放器','boxingda_06','1610','1.2','1932.0','1','CPA','2018-01-22 11:56:31'),
(119,'2017-07-28','boxingda06','暴风影音视频播放器','boxingda_06','1173','1.2','1407.6','1','CPA','2018-01-22 11:56:31'),
(120,'2017-07-29','boxingda06','暴风影音视频播放器','boxingda_06','1377','1.2','1652.4','1','CPA','2018-01-22 11:56:31'),
(121,'2017-07-30','boxingda06','暴风影音视频播放器','boxingda_06','1254','1.2','1504.8','1','CPA','2018-01-22 11:56:31'),
(122,'2017-07-31','boxingda06','暴风影音视频播放器','boxingda_06','1091','1.2','1309.2','1','CPA','2018-01-22 11:56:31'),
(123,'2017-06-01','boxingda06','登山赛车','boxingda_06','2432','1','2432.0','1','CPA','2018-01-22 11:56:31'),
(124,'2017-06-02','boxingda06','登山赛车','boxingda_06','2431','1','2431.0','1','CPA','2018-01-22 11:56:31'),
(125,'2017-06-03','boxingda06','登山赛车','boxingda_06','2251','1','2251.0','1','CPA','2018-01-22 11:56:31'),
(126,'2017-06-04','boxingda06','登山赛车','boxingda_06','2446','1','2446.0','1','CPA','2018-01-22 11:56:31'),
(127,'2017-06-05','boxingda06','登山赛车','boxingda_06','2425','1','2425.0','1','CPA','2018-01-22 11:56:31'),
(128,'2017-06-06','boxingda06','登山赛车','boxingda_06','2614','1','2614.0','1','CPA','2018-01-22 11:56:31'),
(129,'2017-06-07','boxingda06','登山赛车','boxingda_06','2844','1','2844.0','1','CPA','2018-01-22 11:56:31'),
(130,'2017-06-08','boxingda06','登山赛车','boxingda_06','3493','1','3493.0','1','CPA','2018-01-22 11:56:31'),
(131,'2017-06-09','boxingda06','登山赛车','boxingda_06','3244','1','3244.0','1','CPA','2018-01-22 11:56:31'),
(132,'2017-06-10','boxingda06','登山赛车','boxingda_06','3002','1','3002.0','1','CPA','2018-01-22 11:56:31'),
(133,'2017-06-11','boxingda06','登山赛车','boxingda_06','3331','1','3331.0','1','CPA','2018-01-22 11:56:31'),
(134,'2017-06-12','boxingda06','登山赛车','boxingda_06','3775','1','3775.0','1','CPA','2018-01-22 11:56:31'),
(135,'2017-06-13','boxingda06','登山赛车','boxingda_06','4069','1','4069.0','1','CPA','2018-01-22 11:56:31'),
(136,'2017-06-14','boxingda06','登山赛车','boxingda_06','4560','1','4560.0','1','CPA','2018-01-22 11:56:31'),
(137,'2017-06-15','boxingda06','登山赛车','boxingda_06','4308','1','4308.0','1','CPA','2018-01-22 11:56:31'),
(138,'2017-06-16','boxingda06','登山赛车','boxingda_06','4050','1','4050.0','1','CPA','2018-01-22 11:56:31'),
(139,'2017-06-17','boxingda06','登山赛车','boxingda_06','3949','1','3949.0','1','CPA','2018-01-22 11:56:31'),
(140,'2017-06-18','boxingda06','登山赛车','boxingda_06','3809','1','3809.0','1','CPA','2018-01-22 11:56:31'),
(141,'2017-06-19','boxingda06','登山赛车','boxingda_06','3779','1','3779.0','1','CPA','2018-01-22 11:56:31'),
(142,'2017-06-20','boxingda06','登山赛车','boxingda_06','3614','1','3614.0','1','CPA','2018-01-22 11:56:31'),
(143,'2017-06-21','boxingda06','登山赛车','boxingda_06','3798','1','3798.0','1','CPA','2018-01-22 11:56:31'),
(144,'2017-06-22','boxingda06','登山赛车','boxingda_06','3657','1','3657.0','1','CPA','2018-01-22 11:56:31'),
(145,'2017-06-23','boxingda06','登山赛车','boxingda_06','3803','1','3803.0','1','CPA','2018-01-22 11:56:31'),
(146,'2017-06-24','boxingda06','登山赛车','boxingda_06','3449','1','3449.0','1','CPA','2018-01-22 11:56:31'),
(147,'2017-06-25','boxingda06','登山赛车','boxingda_06','3316','1','3316.0','1','CPA','2018-01-22 11:56:31'),
(148,'2017-06-26','boxingda06','登山赛车','boxingda_06','3590','1','3590.0','1','CPA','2018-01-22 11:56:31'),
(149,'2017-06-27','boxingda06','登山赛车','boxingda_06','3220','1','3220.0','1','CPA','2018-01-22 11:56:31'),
(150,'2017-06-28','boxingda06','登山赛车','boxingda_06','2881','1','2881.0','1','CPA','2018-01-22 11:56:31'),
(151,'2017-06-29','boxingda06','登山赛车','boxingda_06','2546','1','2546.0','1','CPA','2018-01-22 11:56:31'),
(152,'2017-06-30','boxingda06','登山赛车','boxingda_06','2208','1','2208.0','1','CPA','2018-01-22 11:56:31'),
(153,'2017-07-01','boxingda06','登山赛车','boxingda_06','2001','1','2001.0','1','CPA','2018-01-22 11:56:31'),
(154,'2017-07-02','boxingda06','登山赛车','boxingda_06','1870','1','1870.0','1','CPA','2018-01-22 11:56:31'),
(155,'2017-07-03','boxingda06','登山赛车','boxingda_06','1513','1','1513.0','1','CPA','2018-01-22 11:56:31'),
(156,'2017-07-04','boxingda06','登山赛车','boxingda_06','1420','1','1420.0','1','CPA','2018-01-22 11:56:31'),
(157,'2017-07-05','boxingda06','登山赛车','boxingda_06','1092','1','1092.0','1','CPA','2018-01-22 11:56:31'),
(158,'2017-07-06','boxingda06','登山赛车','boxingda_06','1078','1','1078.0','1','CPA','2018-01-22 11:56:31'),
(159,'2017-07-07','boxingda06','登山赛车','boxingda_06','959','1','959.0','1','CPA','2018-01-22 11:56:31'),
(160,'2017-07-08','boxingda06','登山赛车','boxingda_06','811','1','811.0','1','CPA','2018-01-22 11:56:31'),
(161,'2017-07-09','boxingda06','登山赛车','boxingda_06','932','1','932.0','1','CPA','2018-01-22 11:56:31'),
(162,'2017-07-10','boxingda06','登山赛车','boxingda_06','686','1','686.0','1','CPA','2018-01-22 11:56:31'),
(163,'2017-07-11','boxingda06','登山赛车','boxingda_06','765','1','765.0','1','CPA','2018-01-22 11:56:31'),
(164,'2017-07-12','boxingda06','登山赛车','boxingda_06','625','1','625.0','1','CPA','2018-01-22 11:56:31'),
(165,'2017-07-13','boxingda06','登山赛车','boxingda_06','894','1','894.0','1','CPA','2018-01-22 11:56:31'),
(166,'2017-07-14','boxingda06','登山赛车','boxingda_06','921','1','921.0','1','CPA','2018-01-22 11:56:31'),
(167,'2017-07-15','boxingda06','登山赛车','boxingda_06','887','1','887.0','1','CPA','2018-01-22 11:56:31'),
(168,'2017-07-16','boxingda06','登山赛车','boxingda_06','925','1','925.0','1','CPA','2018-01-22 11:56:31'),
(169,'2017-07-17','boxingda06','登山赛车','boxingda_06','967','1','967.0','1','CPA','2018-01-22 11:56:31'),
(170,'2017-07-18','boxingda06','登山赛车','boxingda_06','917','1','917.0','1','CPA','2018-01-22 11:56:31'),
(171,'2017-07-19','boxingda06','登山赛车','boxingda_06','733','1','733.0','1','CPA','2018-01-22 11:56:31'),
(172,'2017-07-20','boxingda06','登山赛车','boxingda_06','895','1','895.0','1','CPA','2018-01-22 11:56:31'),
(173,'2017-07-21','boxingda06','登山赛车','boxingda_06','862','1','862.0','1','CPA','2018-01-22 11:56:31'),
(174,'2017-07-22','boxingda06','登山赛车','boxingda_06','1086','1','1086.0','1','CPA','2018-01-22 11:56:31'),
(175,'2017-07-23','boxingda06','登山赛车','boxingda_06','921','1','921.0','1','CPA','2018-01-22 11:56:31'),
(176,'2017-07-24','boxingda06','登山赛车','boxingda_06','832','1','832.0','1','CPA','2018-01-22 11:56:31'),
(177,'2017-07-25','boxingda06','登山赛车','boxingda_06','1069','1','1069.0','1','CPA','2018-01-22 11:56:31'),
(178,'2017-07-26','boxingda06','登山赛车','boxingda_06','1219','1','1219.0','1','CPA','2018-01-22 11:56:31'),
(179,'2017-07-27','boxingda06','登山赛车','boxingda_06','1105','1','1105.0','1','CPA','2018-01-22 11:56:31'),
(180,'2017-07-28','boxingda06','登山赛车','boxingda_06','1305','1','1305.0','1','CPA','2018-01-22 11:56:31'),
(181,'2017-07-29','boxingda06','登山赛车','boxingda_06','1058','1','1058.0','1','CPA','2018-01-22 11:56:31'),
(182,'2017-07-30','boxingda06','登山赛车','boxingda_06','1206','1','1206.0','1','CPA','2018-01-22 11:56:31'),
(183,'2017-07-31','boxingda06','登山赛车','boxingda_06','1190','1','1190.0','1','CPA','2018-01-22 11:56:31'),
(184,'2017-10-01','boxingda06','京东金融','boxingda_06','829','2','1658.0','1','CPA','2018-01-22 11:56:31'),
(185,'2017-10-02','boxingda06','京东金融','boxingda_06','906','2','1812.0','1','CPA','2018-01-22 11:56:31'),
(186,'2017-10-03','boxingda06','京东金融','boxingda_06','805','2','1610.0','1','CPA','2018-01-22 11:56:31'),
(187,'2017-10-04','boxingda06','京东金融','boxingda_06','801','2','1602.0','1','CPA','2018-01-22 11:56:31'),
(188,'2017-10-05','boxingda06','京东金融','boxingda_06','753','2','1506.0','1','CPA','2018-01-22 11:56:31'),
(189,'2017-10-06','boxingda06','京东金融','boxingda_06','1072','2','2144.0','1','CPA','2018-01-22 11:56:31'),
(190,'2017-10-07','boxingda06','京东金融','boxingda_06','1150','2','2300.0','1','CPA','2018-01-22 11:56:31'),
(191,'2017-10-08','boxingda06','京东金融','boxingda_06','1092','2','2184.0','1','CPA','2018-01-22 11:56:31'),
(192,'2017-10-09','boxingda06','京东金融','boxingda_06','1121','2','2242.0','1','CPA','2018-01-22 11:56:31'),
(193,'2017-10-10','boxingda06','京东金融','boxingda_06','1290','2','2580.0','1','CPA','2018-01-22 11:56:31'),
(194,'2017-10-11','boxingda06','京东金融','boxingda_06','1112','2','2224.0','1','CPA','2018-01-22 11:56:31'),
(195,'2017-10-12','boxingda06','京东金融','boxingda_06','1005','2','2010.0','1','CPA','2018-01-22 11:56:31'),
(196,'2017-10-13','boxingda06','京东金融','boxingda_06','1175','2','2350.0','1','CPA','2018-01-22 11:56:31'),
(197,'2017-10-14','boxingda06','京东金融','boxingda_06','1325','2','2650.0','1','CPA','2018-01-22 11:56:31'),
(198,'2017-10-15','boxingda06','京东金融','boxingda_06','1500','2','3000.0','1','CPA','2018-01-22 11:56:31'),
(199,'2017-10-16','boxingda06','京东金融','boxingda_06','1633','2','3266.0','1','CPA','2018-01-22 11:56:31'),
(200,'2017-10-17','boxingda06','京东金融','boxingda_06','1360','2','2720.0','1','CPA','2018-01-22 11:56:31'),
(201,'2017-10-18','boxingda06','京东金融','boxingda_06','1241','2','2482.0','1','CPA','2018-01-22 11:56:31'),
(202,'2017-10-19','boxingda06','京东金融','boxingda_06','1149','2','2298.0','1','CPA','2018-01-22 11:56:31'),
(203,'2017-10-20','boxingda06','京东金融','boxingda_06','1234','2','2468.0','1','CPA','2018-01-22 11:56:31'),
(204,'2017-10-21','boxingda06','京东金融','boxingda_06','1186','2','2372.0','1','CPA','2018-01-22 11:56:31'),
(205,'2017-10-22','boxingda06','京东金融','boxingda_06','1373','2','2746.0','1','CPA','2018-01-22 11:56:31'),
(206,'2017-10-23','boxingda06','京东金融','boxingda_06','1219','2','2438.0','1','CPA','2018-01-22 11:56:31'),
(207,'2017-10-24','boxingda06','京东金融','boxingda_06','1170','2','2340.0','1','CPA','2018-01-22 11:56:31'),
(208,'2017-10-25','boxingda06','京东金融','boxingda_06','1325','2','2650.0','1','CPA','2018-01-22 11:56:31'),
(209,'2017-10-26','boxingda06','京东金融','boxingda_06','1363','2','2726.0','1','CPA','2018-01-22 11:56:31'),
(210,'2017-10-27','boxingda06','京东金融','boxingda_06','1175','2','2350.0','1','CPA','2018-01-22 11:56:31'),
(211,'2017-10-28','boxingda06','京东金融','boxingda_06','1254','2','2508.0','1','CPA','2018-01-22 11:56:31'),
(212,'2017-10-29','boxingda06','京东金融','boxingda_06','1167','2','2334.0','1','CPA','2018-01-22 11:56:31'),
(213,'2017-10-30','boxingda06','京东金融','boxingda_06','1058','2','2116.0','1','CPA','2018-01-22 11:56:31'),
(214,'2017-10-31','boxingda06','京东金融','boxingda_06','1015','2','2030.0','1','CPA','2018-01-22 11:56:31'),
(215,'2017-11-01','boxingda06','京东金融','boxingda_06','1254','2','2508.0','1','CPA','2018-01-22 11:56:31'),
(216,'2017-11-02','boxingda06','京东金融','boxingda_06','1166','2','2332.0','1','CPA','2018-01-22 11:56:31'),
(217,'2017-11-03','boxingda06','京东金融','boxingda_06','1012','2','2024.0','1','CPA','2018-01-22 11:56:31'),
(218,'2017-11-04','boxingda06','京东金融','boxingda_06','1042','2','2084.0','1','CPA','2018-01-22 11:56:31'),
(219,'2017-11-05','boxingda06','京东金融','boxingda_06','1140','2','2280.0','1','CPA','2018-01-22 11:56:31'),
(220,'2017-11-06','boxingda06','京东金融','boxingda_06','1035','2','2070.0','1','CPA','2018-01-22 11:56:31'),
(221,'2017-11-07','boxingda06','京东金融','boxingda_06','1091','2','2182.0','1','CPA','2018-01-22 11:56:31'),
(222,'2017-11-08','boxingda06','京东金融','boxingda_06','1143','2','2286.0','1','CPA','2018-01-22 11:56:31'),
(223,'2017-11-09','boxingda06','京东金融','boxingda_06','1258','2','2516.0','1','CPA','2018-01-22 11:56:31'),
(224,'2017-11-10','boxingda06','京东金融','boxingda_06','1127','2','2254.0','1','CPA','2018-01-22 11:56:31'),
(225,'2017-11-11','boxingda06','京东金融','boxingda_06','1316','2','2632.0','1','CPA','2018-01-22 11:56:31'),
(226,'2017-11-12','boxingda06','京东金融','boxingda_06','1389','2','2778.0','1','CPA','2018-01-22 11:56:31'),
(227,'2017-11-13','boxingda06','京东金融','boxingda_06','1277','2','2554.0','1','CPA','2018-01-22 11:56:31'),
(228,'2017-11-14','boxingda06','京东金融','boxingda_06','1082','2','2164.0','1','CPA','2018-01-22 11:56:31'),
(229,'2017-11-15','boxingda06','京东金融','boxingda_06','1114','2','2228.0','1','CPA','2018-01-22 11:56:31'),
(230,'2017-11-16','boxingda06','京东金融','boxingda_06','1225','2','2450.0','1','CPA','2018-01-22 11:56:31'),
(231,'2017-11-17','boxingda06','京东金融','boxingda_06','1253','2','2506.0','1','CPA','2018-01-22 11:56:31'),
(232,'2017-11-18','boxingda06','京东金融','boxingda_06','1323','2','2646.0','1','CPA','2018-01-22 11:56:31'),
(233,'2017-11-19','boxingda06','京东金融','boxingda_06','1333','2','2666.0','1','CPA','2018-01-22 11:56:31'),
(234,'2017-11-20','boxingda06','京东金融','boxingda_06','1446','2','2892.0','1','CPA','2018-01-22 11:56:31'),
(235,'2017-11-21','boxingda06','京东金融','boxingda_06','1219','2','2438.0','1','CPA','2018-01-22 11:56:31'),
(236,'2017-11-22','boxingda06','京东金融','boxingda_06','1397','2','2794.0','1','CPA','2018-01-22 11:56:31'),
(237,'2017-11-23','boxingda06','京东金融','boxingda_06','1225','2','2450.0','1','CPA','2018-01-22 11:56:31'),
(238,'2017-11-24','boxingda06','京东金融','boxingda_06','1242','2','2484.0','1','CPA','2018-01-22 11:56:31'),
(239,'2017-11-25','boxingda06','京东金融','boxingda_06','1465','2','2930.0','1','CPA','2018-01-22 11:56:31'),
(240,'2017-11-26','boxingda06','京东金融','boxingda_06','1299','2','2598.0','1','CPA','2018-01-22 11:56:31'),
(241,'2017-11-27','boxingda06','京东金融','boxingda_06','1160','2','2320.0','1','CPA','2018-01-22 11:56:31'),
(242,'2017-11-28','boxingda06','京东金融','boxingda_06','1333','2','2666.0','1','CPA','2018-01-22 11:56:31'),
(243,'2017-11-29','boxingda06','京东金融','boxingda_06','1404','2','2808.0','1','CPA','2018-01-22 11:56:31'),
(244,'2017-11-30','boxingda06','京东金融','boxingda_06','1217','2','2434.0','1','CPA','2018-01-22 11:56:31'),
(245,'2017-10-01','boxingda06','墨迹天气','boxingda_06','561','1.4','785.4','1','CPA','2018-01-22 11:56:31'),
(246,'2017-10-02','boxingda06','墨迹天气','boxingda_06','488','1.4','683.2','1','CPA','2018-01-22 11:56:31'),
(247,'2017-10-03','boxingda06','墨迹天气','boxingda_06','521','1.4','729.4','1','CPA','2018-01-22 11:56:31'),
(248,'2017-10-04','boxingda06','墨迹天气','boxingda_06','469','1.4','656.6','1','CPA','2018-01-22 11:56:31'),
(249,'2017-10-05','boxingda06','墨迹天气','boxingda_06','521','1.4','729.4','1','CPA','2018-01-22 11:56:31'),
(250,'2017-10-06','boxingda06','墨迹天气','boxingda_06','586','1.4','820.4','1','CPA','2018-01-22 11:56:31'),
(251,'2017-10-07','boxingda06','墨迹天气','boxingda_06','548','1.4','767.2','1','CPA','2018-01-22 11:56:31'),
(252,'2017-10-08','boxingda06','墨迹天气','boxingda_06','582','1.4','814.8','1','CPA','2018-01-22 11:56:31'),
(253,'2017-10-09','boxingda06','墨迹天气','boxingda_06','561','1.4','785.4','1','CPA','2018-01-22 11:56:31'),
(254,'2017-10-10','boxingda06','墨迹天气','boxingda_06','627','1.4','877.8','1','CPA','2018-01-22 11:56:31'),
(255,'2017-10-11','boxingda06','墨迹天气','boxingda_06','624','1.4','873.6','1','CPA','2018-01-22 11:56:31'),
(256,'2017-10-12','boxingda06','墨迹天气','boxingda_06','610','1.4','854.0','1','CPA','2018-01-22 11:56:31'),
(257,'2017-10-13','boxingda06','墨迹天气','boxingda_06','528','1.4','739.2','1','CPA','2018-01-22 11:56:31'),
(258,'2017-10-14','boxingda06','墨迹天气','boxingda_06','657','1.4','919.8','1','CPA','2018-01-22 11:56:31'),
(259,'2017-10-15','boxingda06','墨迹天气','boxingda_06','714','1.4','999.6','1','CPA','2018-01-22 11:56:31'),
(260,'2017-10-16','boxingda06','墨迹天气','boxingda_06','723','1.4','1012.2','1','CPA','2018-01-22 11:56:31'),
(261,'2017-10-17','boxingda06','墨迹天气','boxingda_06','689','1.4','964.6','1','CPA','2018-01-22 11:56:31'),
(262,'2017-10-18','boxingda06','墨迹天气','boxingda_06','761','1.4','1065.4','1','CPA','2018-01-22 11:56:31'),
(263,'2017-10-19','boxingda06','墨迹天气','boxingda_06','734','1.4','1027.6','1','CPA','2018-01-22 11:56:31'),
(264,'2017-10-20','boxingda06','墨迹天气','boxingda_06','674','1.4','943.6','1','CPA','2018-01-22 11:56:31'),
(265,'2017-10-21','boxingda06','墨迹天气','boxingda_06','680','1.4','952.0','1','CPA','2018-01-22 11:56:31'),
(266,'2017-10-22','boxingda06','墨迹天气','boxingda_06','701','1.4','981.4','1','CPA','2018-01-22 11:56:31'),
(267,'2017-10-23','boxingda06','墨迹天气','boxingda_06','683','1.4','956.2','1','CPA','2018-01-22 11:56:31'),
(268,'2017-10-24','boxingda06','墨迹天气','boxingda_06','805','1.4','1127.0','1','CPA','2018-01-22 11:56:31'),
(269,'2017-10-25','boxingda06','墨迹天气','boxingda_06','758','1.4','1061.2','1','CPA','2018-01-22 11:56:31'),
(270,'2017-10-26','boxingda06','墨迹天气','boxingda_06','787','1.4','1101.8','1','CPA','2018-01-22 11:56:31'),
(271,'2017-10-27','boxingda06','墨迹天气','boxingda_06','731','1.4','1023.4','1','CPA','2018-01-22 11:56:31'),
(272,'2017-10-28','boxingda06','墨迹天气','boxingda_06','832','1.4','1164.8','1','CPA','2018-01-22 11:56:31'),
(273,'2017-10-29','boxingda06','墨迹天气','boxingda_06','666','1.4','932.4','1','CPA','2018-01-22 11:56:31'),
(274,'2017-10-30','boxingda06','墨迹天气','boxingda_06','671','1.4','939.4','1','CPA','2018-01-22 11:56:31'),
(275,'2017-10-31','boxingda06','墨迹天气','boxingda_06','628','1.4','879.2','1','CPA','2018-01-22 11:56:31'),
(276,'2017-11-01','boxingda06','墨迹天气','boxingda_06','644','1.4','901.6','1','CPA','2018-01-22 11:56:31'),
(277,'2017-11-02','boxingda06','墨迹天气','boxingda_06','835','1.4','1169.0','1','CPA','2018-01-22 11:56:31'),
(278,'2017-11-03','boxingda06','墨迹天气','boxingda_06','668','1.4','935.2','1','CPA','2018-01-22 11:56:31'),
(279,'2017-11-04','boxingda06','墨迹天气','boxingda_06','765','1.4','1071.0','1','CPA','2018-01-22 11:56:31'),
(280,'2017-11-05','boxingda06','墨迹天气','boxingda_06','639','1.4','894.6','1','CPA','2018-01-22 11:56:31'),
(281,'2017-11-06','boxingda06','墨迹天气','boxingda_06','744','1.4','1041.6','1','CPA','2018-01-22 11:56:31'),
(282,'2017-11-07','boxingda06','墨迹天气','boxingda_06','854','1.4','1195.6','1','CPA','2018-01-22 11:56:31'),
(283,'2017-11-08','boxingda06','墨迹天气','boxingda_06','731','1.4','1023.4','1','CPA','2018-01-22 11:56:31'),
(284,'2017-11-09','boxingda06','墨迹天气','boxingda_06','908','1.4','1271.2','1','CPA','2018-01-22 11:56:31'),
(285,'2017-11-10','boxingda06','墨迹天气','boxingda_06','914','1.4','1279.6','1','CPA','2018-01-22 11:56:31'),
(286,'2017-11-11','boxingda06','墨迹天气','boxingda_06','773','1.4','1082.2','1','CPA','2018-01-22 11:56:31'),
(287,'2017-11-12','boxingda06','墨迹天气','boxingda_06','777','1.4','1087.8','1','CPA','2018-01-22 11:56:31'),
(288,'2017-11-13','boxingda06','墨迹天气','boxingda_06','788','1.4','1103.2','1','CPA','2018-01-22 11:56:31'),
(289,'2017-11-14','boxingda06','墨迹天气','boxingda_06','939','1.4','1314.6','1','CPA','2018-01-22 11:56:31'),
(290,'2017-11-15','boxingda06','墨迹天气','boxingda_06','992','1.4','1388.8','1','CPA','2018-01-22 11:56:31'),
(291,'2017-11-16','boxingda06','墨迹天气','boxingda_06','900','1.4','1260.0','1','CPA','2018-01-22 11:56:31'),
(292,'2017-11-17','boxingda06','墨迹天气','boxingda_06','896','1.4','1254.4','1','CPA','2018-01-22 11:56:31'),
(293,'2017-11-18','boxingda06','墨迹天气','boxingda_06','941','1.4','1317.4','1','CPA','2018-01-22 11:56:31'),
(294,'2017-11-19','boxingda06','墨迹天气','boxingda_06','939','1.4','1314.6','1','CPA','2018-01-22 11:56:31'),
(295,'2017-11-20','boxingda06','墨迹天气','boxingda_06','936','1.4','1310.4','1','CPA','2018-01-22 11:56:31'),
(296,'2017-11-21','boxingda06','墨迹天气','boxingda_06','853','1.4','1194.2','1','CPA','2018-01-22 11:56:31'),
(297,'2017-11-22','boxingda06','墨迹天气','boxingda_06','983','1.4','1376.2','1','CPA','2018-01-22 11:56:31'),
(298,'2017-11-23','boxingda06','墨迹天气','boxingda_06','852','1.4','1192.8','1','CPA','2018-01-22 11:56:31'),
(299,'2017-11-24','boxingda06','墨迹天气','boxingda_06','942','1.4','1318.8','1','CPA','2018-01-22 11:56:31'),
(300,'2017-11-25','boxingda06','墨迹天气','boxingda_06','840','1.4','1176.0','1','CPA','2018-01-22 11:56:31'),
(301,'2017-11-26','boxingda06','墨迹天气','boxingda_06','960','1.4','1344.0','1','CPA','2018-01-22 11:56:31'),
(302,'2017-11-27','boxingda06','墨迹天气','boxingda_06','943','1.4','1320.2','1','CPA','2018-01-22 11:56:31'),
(303,'2017-11-28','boxingda06','墨迹天气','boxingda_06','957','1.4','1339.8','1','CPA','2018-01-22 11:56:31'),
(304,'2017-11-29','boxingda06','墨迹天气','boxingda_06','815','1.4','1141.0','1','CPA','2018-01-22 11:56:31'),
(305,'2017-11-30','boxingda06','墨迹天气','boxingda_06','813','1.4','1138.2','1','CPA','2018-01-22 11:56:31'),
(306,'2017-10-01','boxingda06','实趣新闻','boxingda_06','370','1.1','407.0','1','CPA','2018-01-22 11:56:31'),
(307,'2017-10-02','boxingda06','实趣新闻','boxingda_06','383','1.1','421.3','1','CPA','2018-01-22 11:56:31'),
(308,'2017-10-03','boxingda06','实趣新闻','boxingda_06','365','1.1','401.5','1','CPA','2018-01-22 11:56:31'),
(309,'2017-10-04','boxingda06','实趣新闻','boxingda_06','407','1.1','447.7','1','CPA','2018-01-22 11:56:31'),
(310,'2017-10-05','boxingda06','实趣新闻','boxingda_06','381','1.1','419.1','1','CPA','2018-01-22 11:56:31'),
(311,'2017-10-06','boxingda06','实趣新闻','boxingda_06','473','1.1','520.3','1','CPA','2018-01-22 11:56:31'),
(312,'2017-10-07','boxingda06','实趣新闻','boxingda_06','531','1.1','584.1','1','CPA','2018-01-22 11:56:31'),
(313,'2017-10-08','boxingda06','实趣新闻','boxingda_06','470','1.1','517.0','1','CPA','2018-01-22 11:56:31'),
(314,'2017-10-09','boxingda06','实趣新闻','boxingda_06','508','1.1','558.8','1','CPA','2018-01-22 11:56:31'),
(315,'2017-10-10','boxingda06','实趣新闻','boxingda_06','543','1.1','597.3','1','CPA','2018-01-22 11:56:31'),
(316,'2017-10-11','boxingda06','实趣新闻','boxingda_06','589','1.1','647.9','1','CPA','2018-01-22 11:56:31'),
(317,'2017-10-12','boxingda06','实趣新闻','boxingda_06','557','1.1','612.7','1','CPA','2018-01-22 11:56:31'),
(318,'2017-10-13','boxingda06','实趣新闻','boxingda_06','595','1.1','654.5','1','CPA','2018-01-22 11:56:31'),
(319,'2017-10-14','boxingda06','实趣新闻','boxingda_06','542','1.1','596.2','1','CPA','2018-01-22 11:56:31'),
(320,'2017-10-15','boxingda06','实趣新闻','boxingda_06','501','1.1','551.1','1','CPA','2018-01-22 11:56:31'),
(321,'2017-10-16','boxingda06','实趣新闻','boxingda_06','543','1.1','597.3','1','CPA','2018-01-22 11:56:31'),
(322,'2017-10-17','boxingda06','实趣新闻','boxingda_06','561','1.1','617.1','1','CPA','2018-01-22 11:56:31'),
(323,'2017-10-18','boxingda06','实趣新闻','boxingda_06','583','1.1','641.3','1','CPA','2018-01-22 11:56:31'),
(324,'2017-10-19','boxingda06','实趣新闻','boxingda_06','564','1.1','620.4','1','CPA','2018-01-22 11:56:31'),
(325,'2017-10-20','boxingda06','实趣新闻','boxingda_06','610','1.1','671.0','1','CPA','2018-01-22 11:56:31'),
(326,'2017-10-21','boxingda06','实趣新闻','boxingda_06','628','1.1','690.8','1','CPA','2018-01-22 11:56:31'),
(327,'2017-10-22','boxingda06','实趣新闻','boxingda_06','638','1.1','701.8','1','CPA','2018-01-22 11:56:31'),
(328,'2017-10-23','boxingda06','实趣新闻','boxingda_06','611','1.1','672.1','1','CPA','2018-01-22 11:56:31'),
(329,'2017-10-24','boxingda06','实趣新闻','boxingda_06','559','1.1','614.9','1','CPA','2018-01-22 11:56:31'),
(330,'2017-10-25','boxingda06','实趣新闻','boxingda_06','736','1.1','809.6','1','CPA','2018-01-22 11:56:31'),
(331,'2017-10-26','boxingda06','实趣新闻','boxingda_06','700','1.1','770.0','1','CPA','2018-01-22 11:56:31'),
(332,'2017-10-27','boxingda06','实趣新闻','boxingda_06','715','1.1','786.5','1','CPA','2018-01-22 11:56:31'),
(333,'2017-10-28','boxingda06','实趣新闻','boxingda_06','631','1.1','694.1','1','CPA','2018-01-22 11:56:31'),
(334,'2017-10-29','boxingda06','实趣新闻','boxingda_06','634','1.1','697.4','1','CPA','2018-01-22 11:56:31'),
(335,'2017-10-30','boxingda06','实趣新闻','boxingda_06','515','1.1','566.5','1','CPA','2018-01-22 11:56:31'),
(336,'2017-10-31','boxingda06','实趣新闻','boxingda_06','445','1.1','489.5','1','CPA','2018-01-22 11:56:31'),
(337,'2017-11-01','boxingda06','实趣新闻','boxingda_06','476','1.1','523.6','1','CPA','2018-01-22 11:56:31'),
(338,'2017-11-02','boxingda06','实趣新闻','boxingda_06','521','1.1','573.1','1','CPA','2018-01-22 11:56:31'),
(339,'2017-11-03','boxingda06','实趣新闻','boxingda_06','533','1.1','586.3','1','CPA','2018-01-22 11:56:31'),
(340,'2017-11-04','boxingda06','实趣新闻','boxingda_06','478','1.1','525.8','1','CPA','2018-01-22 11:56:31'),
(341,'2017-11-05','boxingda06','实趣新闻','boxingda_06','482','1.1','530.2','1','CPA','2018-01-22 11:56:31'),
(342,'2017-11-06','boxingda06','实趣新闻','boxingda_06','752','1.1','827.2','1','CPA','2018-01-22 11:56:31'),
(343,'2017-11-07','boxingda06','实趣新闻','boxingda_06','672','1.1','739.2','1','CPA','2018-01-22 11:56:31'),
(344,'2017-11-08','boxingda06','实趣新闻','boxingda_06','658','1.1','723.8','1','CPA','2018-01-22 11:56:31'),
(345,'2017-11-09','boxingda06','实趣新闻','boxingda_06','730','1.1','803.0','1','CPA','2018-01-22 11:56:31'),
(346,'2017-11-10','boxingda06','实趣新闻','boxingda_06','777','1.1','854.7','1','CPA','2018-01-22 11:56:31'),
(347,'2017-11-11','boxingda06','实趣新闻','boxingda_06','607','1.1','667.7','1','CPA','2018-01-22 11:56:31'),
(348,'2017-11-12','boxingda06','实趣新闻','boxingda_06','685','1.1','753.5','1','CPA','2018-01-22 11:56:31'),
(349,'2017-11-13','boxingda06','实趣新闻','boxingda_06','771','1.1','848.1','1','CPA','2018-01-22 11:56:31'),
(350,'2017-11-14','boxingda06','实趣新闻','boxingda_06','680','1.1','748.0','1','CPA','2018-01-22 11:56:31'),
(351,'2017-11-15','boxingda06','实趣新闻','boxingda_06','695','1.1','764.5','1','CPA','2018-01-22 11:56:31'),
(352,'2017-11-16','boxingda06','实趣新闻','boxingda_06','827','1.1','909.7','1','CPA','2018-01-22 11:56:31'),
(353,'2017-11-17','boxingda06','实趣新闻','boxingda_06','832','1.1','915.2','1','CPA','2018-01-22 11:56:31'),
(354,'2017-11-18','boxingda06','实趣新闻','boxingda_06','711','1.1','782.1','1','CPA','2018-01-22 11:56:31'),
(355,'2017-11-19','boxingda06','实趣新闻','boxingda_06','786','1.1','864.6','1','CPA','2018-01-22 11:56:31'),
(356,'2017-11-20','boxingda06','实趣新闻','boxingda_06','790','1.1','869.0','1','CPA','2018-01-22 11:56:31'),
(357,'2017-11-21','boxingda06','实趣新闻','boxingda_06','789','1.1','867.9','1','CPA','2018-01-22 11:56:31'),
(358,'2017-11-22','boxingda06','实趣新闻','boxingda_06','733','1.1','806.3','1','CPA','2018-01-22 11:56:31'),
(359,'2017-11-23','boxingda06','实趣新闻','boxingda_06','709','1.1','779.9','1','CPA','2018-01-22 11:56:31'),
(360,'2017-11-24','boxingda06','实趣新闻','boxingda_06','762','1.1','838.2','1','CPA','2018-01-22 11:56:31'),
(361,'2017-11-25','boxingda06','实趣新闻','boxingda_06','883','1.1','971.3','1','CPA','2018-01-22 11:56:31'),
(362,'2017-11-26','boxingda06','实趣新闻','boxingda_06','736','1.1','809.6','1','CPA','2018-01-22 11:56:31'),
(363,'2017-11-27','boxingda06','实趣新闻','boxingda_06','846','1.1','930.6','1','CPA','2018-01-22 11:56:31'),
(364,'2017-11-28','boxingda06','实趣新闻','boxingda_06','794','1.1','873.4','1','CPA','2018-01-22 11:56:31'),
(365,'2017-11-29','boxingda06','实趣新闻','boxingda_06','821','1.1','903.1','1','CPA','2018-01-22 11:56:31'),
(366,'2017-11-30','boxingda06','实趣新闻','boxingda_06','722','1.1','794.2','1','CPA','2018-01-22 11:56:31'),
(367,'2017-06-01','boxingda06','搜狗手机助手','boxingda_06','1088','1.6','1740.8','1','CPA','2018-01-22 11:56:31'),
(368,'2017-06-02','boxingda06','搜狗手机助手','boxingda_06','1158','1.6','1852.8','1','CPA','2018-01-22 11:56:31'),
(369,'2017-06-03','boxingda06','搜狗手机助手','boxingda_06','1086','1.6','1737.6','1','CPA','2018-01-22 11:56:31'),
(370,'2017-06-04','boxingda06','搜狗手机助手','boxingda_06','1149','1.6','1838.4','1','CPA','2018-01-22 11:56:31'),
(371,'2017-06-05','boxingda06','搜狗手机助手','boxingda_06','1218','1.6','1948.8','1','CPA','2018-01-22 11:56:31'),
(372,'2017-06-06','boxingda06','搜狗手机助手','boxingda_06','1176','1.6','1881.6','1','CPA','2018-01-22 11:56:31'),
(373,'2017-06-07','boxingda06','搜狗手机助手','boxingda_06','1070','1.6','1712.0','1','CPA','2018-01-22 11:56:31'),
(374,'2017-06-08','boxingda06','搜狗手机助手','boxingda_06','1208','1.6','1932.8','1','CPA','2018-01-22 11:56:31'),
(375,'2017-06-09','boxingda06','搜狗手机助手','boxingda_06','1247','1.6','1995.2','1','CPA','2018-01-22 11:56:31'),
(376,'2017-06-10','boxingda06','搜狗手机助手','boxingda_06','1110','1.6','1776.0','1','CPA','2018-01-22 11:56:31'),
(377,'2017-06-11','boxingda06','搜狗手机助手','boxingda_06','1226','1.6','1961.6','1','CPA','2018-01-22 11:56:31'),
(378,'2017-06-12','boxingda06','搜狗手机助手','boxingda_06','1125','1.6','1800.0','1','CPA','2018-01-22 11:56:31'),
(379,'2017-06-13','boxingda06','搜狗手机助手','boxingda_06','1078','1.6','1724.8','1','CPA','2018-01-22 11:56:31'),
(380,'2017-06-14','boxingda06','搜狗手机助手','boxingda_06','1120','1.6','1792.0','1','CPA','2018-01-22 11:56:31'),
(381,'2017-06-15','boxingda06','搜狗手机助手','boxingda_06','1282','1.6','2051.2','1','CPA','2018-01-22 11:56:31'),
(382,'2017-06-16','boxingda06','搜狗手机助手','boxingda_06','1317','1.6','2107.2','1','CPA','2018-01-22 11:56:31'),
(383,'2017-06-17','boxingda06','搜狗手机助手','boxingda_06','1214','1.6','1942.4','1','CPA','2018-01-22 11:56:31'),
(384,'2017-06-18','boxingda06','搜狗手机助手','boxingda_06','1406','1.6','2249.6','1','CPA','2018-01-22 11:56:31'),
(385,'2017-06-19','boxingda06','搜狗手机助手','boxingda_06','1141','1.6','1825.6','1','CPA','2018-01-22 11:56:31'),
(386,'2017-06-20','boxingda06','搜狗手机助手','boxingda_06','1232','1.6','1971.2','1','CPA','2018-01-22 11:56:31'),
(387,'2017-06-21','boxingda06','搜狗手机助手','boxingda_06','1295','1.6','2072.0','1','CPA','2018-01-22 11:56:31'),
(388,'2017-06-22','boxingda06','搜狗手机助手','boxingda_06','1371','1.6','2193.6','1','CPA','2018-01-22 11:56:31'),
(389,'2017-06-23','boxingda06','搜狗手机助手','boxingda_06','1384','1.6','2214.4','1','CPA','2018-01-22 11:56:31'),
(390,'2017-06-24','boxingda06','搜狗手机助手','boxingda_06','1190','1.6','1904.0','1','CPA','2018-01-22 11:56:31'),
(391,'2017-06-25','boxingda06','搜狗手机助手','boxingda_06','1455','1.6','2328.0','1','CPA','2018-01-22 11:56:31'),
(392,'2017-06-26','boxingda06','搜狗手机助手','boxingda_06','1389','1.6','2222.4','1','CPA','2018-01-22 11:56:31'),
(393,'2017-06-27','boxingda06','搜狗手机助手','boxingda_06','1379','1.6','2206.4','1','CPA','2018-01-22 11:56:31'),
(394,'2017-06-28','boxingda06','搜狗手机助手','boxingda_06','1205','1.6','1928.0','1','CPA','2018-01-22 11:56:31'),
(395,'2017-06-29','boxingda06','搜狗手机助手','boxingda_06','1118','1.6','1788.8','1','CPA','2018-01-22 11:56:31'),
(396,'2017-06-30','boxingda06','搜狗手机助手','boxingda_06','1006','1.6','1609.6','1','CPA','2018-01-22 11:56:31'),
(397,'2017-07-01','boxingda06','搜狗手机助手','boxingda_06','1063','1.6','1700.8','1','CPA','2018-01-22 11:56:31'),
(398,'2017-07-02','boxingda06','搜狗手机助手','boxingda_06','1158','1.6','1852.8','1','CPA','2018-01-22 11:56:31'),
(399,'2017-07-03','boxingda06','搜狗手机助手','boxingda_06','1067','1.6','1707.2','1','CPA','2018-01-22 11:56:31'),
(400,'2017-07-04','boxingda06','搜狗手机助手','boxingda_06','1109','1.6','1774.4','1','CPA','2018-01-22 11:56:31'),
(401,'2017-07-05','boxingda06','搜狗手机助手','boxingda_06','1037','1.6','1659.2','1','CPA','2018-01-22 11:56:31'),
(402,'2017-07-06','boxingda06','搜狗手机助手','boxingda_06','1143','1.6','1828.8','1','CPA','2018-01-22 11:56:31'),
(403,'2017-07-07','boxingda06','搜狗手机助手','boxingda_06','1258','1.6','2012.8','1','CPA','2018-01-22 11:56:31'),
(404,'2017-07-08','boxingda06','搜狗手机助手','boxingda_06','1130','1.6','1808.0','1','CPA','2018-01-22 11:56:31'),
(405,'2017-07-09','boxingda06','搜狗手机助手','boxingda_06','1100','1.6','1760.0','1','CPA','2018-01-22 11:56:31'),
(406,'2017-07-10','boxingda06','搜狗手机助手','boxingda_06','1254','1.6','2006.4','1','CPA','2018-01-22 11:56:31'),
(407,'2017-07-11','boxingda06','搜狗手机助手','boxingda_06','1434','1.6','2294.4','1','CPA','2018-01-22 11:56:31'),
(408,'2017-07-12','boxingda06','搜狗手机助手','boxingda_06','1091','1.6','1745.6','1','CPA','2018-01-22 11:56:31'),
(409,'2017-07-13','boxingda06','搜狗手机助手','boxingda_06','1205','1.6','1928.0','1','CPA','2018-01-22 11:56:31'),
(410,'2017-07-14','boxingda06','搜狗手机助手','boxingda_06','1055','1.6','1688.0','1','CPA','2018-01-22 11:56:31'),
(411,'2017-07-15','boxingda06','搜狗手机助手','boxingda_06','1253','1.6','2004.8','1','CPA','2018-01-22 11:56:31'),
(412,'2017-07-16','boxingda06','搜狗手机助手','boxingda_06','1354','1.6','2166.4','1','CPA','2018-01-22 11:56:31'),
(413,'2017-07-17','boxingda06','搜狗手机助手','boxingda_06','1264','1.6','2022.4','1','CPA','2018-01-22 11:56:31'),
(414,'2017-07-18','boxingda06','搜狗手机助手','boxingda_06','1375','1.6','2200.0','1','CPA','2018-01-22 11:56:31'),
(415,'2017-07-19','boxingda06','搜狗手机助手','boxingda_06','1246','1.6','1993.6','1','CPA','2018-01-22 11:56:31'),
(416,'2017-07-20','boxingda06','搜狗手机助手','boxingda_06','1369','1.6','2190.4','1','CPA','2018-01-22 11:56:31'),
(417,'2017-07-21','boxingda06','搜狗手机助手','boxingda_06','1295','1.6','2072.0','1','CPA','2018-01-22 11:56:31'),
(418,'2017-07-22','boxingda06','搜狗手机助手','boxingda_06','1356','1.6','2169.6','1','CPA','2018-01-22 11:56:31'),
(419,'2017-07-23','boxingda06','搜狗手机助手','boxingda_06','1276','1.6','2041.6','1','CPA','2018-01-22 11:56:31'),
(420,'2017-07-24','boxingda06','搜狗手机助手','boxingda_06','1489','1.6','2382.4','1','CPA','2018-01-22 11:56:31'),
(421,'2017-07-25','boxingda06','搜狗手机助手','boxingda_06','1448','1.6','2316.8','1','CPA','2018-01-22 11:56:31'),
(422,'2017-07-26','boxingda06','搜狗手机助手','boxingda_06','1372','1.6','2195.2','1','CPA','2018-01-22 11:56:31'),
(423,'2017-07-27','boxingda06','搜狗手机助手','boxingda_06','1583','1.6','2532.8','1','CPA','2018-01-22 11:56:31'),
(424,'2017-07-28','boxingda06','搜狗手机助手','boxingda_06','1317','1.6','2107.2','1','CPA','2018-01-22 11:56:31'),
(425,'2017-07-29','boxingda06','搜狗手机助手','boxingda_06','1496','1.6','2393.6','1','CPA','2018-01-22 11:56:31'),
(426,'2017-07-30','boxingda06','搜狗手机助手','boxingda_06','1157','1.6','1851.2','1','CPA','2018-01-22 11:56:31'),
(427,'2017-07-31','boxingda06','搜狗手机助手','boxingda_06','1087','1.6','1739.2','1','CPA','2018-01-22 11:56:31'),
(428,'2017-06-01','boxingda06','360卫士','boxingda_06','2492','1.1','2741.2','1','CPA','2018-01-22 17:27:16'),
(429,'2017-06-02','boxingda06','360卫士','boxingda_06','2219','1.1','2440.9','1','CPA','2018-01-22 17:27:16'),
(430,'2017-06-03','boxingda06','360卫士','boxingda_06','2588','1.1','2846.8','1','CPA','2018-01-22 17:27:16'),
(431,'2017-06-04','boxingda06','360卫士','boxingda_06','2465','1.1','2711.5','1','CPA','2018-01-22 17:27:16'),
(432,'2017-06-05','boxingda06','360卫士','boxingda_06','2709','1.1','2979.9','1','CPA','2018-01-22 17:27:16'),
(433,'2017-06-06','boxingda06','360卫士','boxingda_06','3133','1.1','3446.3','1','CPA','2018-01-22 17:27:16'),
(434,'2017-06-07','boxingda06','360卫士','boxingda_06','2746','1.1','3020.6','1','CPA','2018-01-22 17:27:16'),
(435,'2017-06-08','boxingda06','360卫士','boxingda_06','2961','1.1','3257.1','1','CPA','2018-01-22 17:27:16'),
(436,'2017-06-09','boxingda06','360卫士','boxingda_06','3167','1.1','3483.7','1','CPA','2018-01-22 17:27:16'),
(437,'2017-06-10','boxingda06','360卫士','boxingda_06','3458','1.1','3803.8','1','CPA','2018-01-22 17:27:16'),
(438,'2017-06-11','boxingda06','360卫士','boxingda_06','3181','1.1','3499.1','1','CPA','2018-01-22 17:27:16'),
(439,'2017-06-12','boxingda06','360卫士','boxingda_06','3044','1.1','3348.4','1','CPA','2018-01-22 17:27:16'),
(440,'2017-06-13','boxingda06','360卫士','boxingda_06','3357','1.1','3692.7','1','CPA','2018-01-22 17:27:16'),
(441,'2017-06-14','boxingda06','360卫士','boxingda_06','3025','1.1','3327.5','1','CPA','2018-01-22 17:27:16'),
(442,'2017-06-15','boxingda06','360卫士','boxingda_06','3156','1.1','3471.6','1','CPA','2018-01-22 17:27:16'),
(443,'2017-06-16','boxingda06','360卫士','boxingda_06','3539','1.1','3892.9','1','CPA','2018-01-22 17:27:16'),
(444,'2017-06-17','boxingda06','360卫士','boxingda_06','3330','1.1','3663.0','1','CPA','2018-01-22 17:27:16'),
(445,'2017-06-18','boxingda06','360卫士','boxingda_06','3028','1.1','3330.8','1','CPA','2018-01-22 17:27:16'),
(446,'2017-06-19','boxingda06','360卫士','boxingda_06','3438','1.1','3781.8','1','CPA','2018-01-22 17:27:16'),
(447,'2017-06-20','boxingda06','360卫士','boxingda_06','3176','1.1','3493.6','1','CPA','2018-01-22 17:27:16'),
(448,'2017-06-21','boxingda06','360卫士','boxingda_06','3137','1.1','3450.7','1','CPA','2018-01-22 17:27:16'),
(449,'2017-06-22','boxingda06','360卫士','boxingda_06','2943','1.1','3237.3','1','CPA','2018-01-22 17:27:16'),
(450,'2017-06-23','boxingda06','360卫士','boxingda_06','3268','1.1','3594.8','1','CPA','2018-01-22 17:27:16'),
(451,'2017-06-24','boxingda06','360卫士','boxingda_06','3071','1.1','3378.1','1','CPA','2018-01-22 17:27:16'),
(452,'2017-06-25','boxingda06','360卫士','boxingda_06','3406','1.1','3746.6','1','CPA','2018-01-22 17:27:16'),
(453,'2017-06-26','boxingda06','360卫士','boxingda_06','3211','1.1','3532.1','1','CPA','2018-01-22 17:27:16'),
(454,'2017-06-27','boxingda06','360卫士','boxingda_06','3022','1.1','3324.2','1','CPA','2018-01-22 17:27:16'),
(455,'2017-06-28','boxingda06','360卫士','boxingda_06','2788','1.1','3066.8','1','CPA','2018-01-22 17:27:16'),
(456,'2017-06-29','boxingda06','360卫士','boxingda_06','2447','1.1','2691.7','1','CPA','2018-01-22 17:27:16'),
(457,'2017-06-30','boxingda06','360卫士','boxingda_06','2023','1.1','2225.3','1','CPA','2018-01-22 17:27:16'),
(458,'2017-07-01','boxingda06','360卫士','boxingda_06','1982','1.1','2180.2','1','CPA','2018-01-22 17:27:16'),
(459,'2017-07-02','boxingda06','360卫士','boxingda_06','1693','1.1','1862.3','1','CPA','2018-01-22 17:27:16'),
(460,'2017-07-03','boxingda06','360卫士','boxingda_06','1404','1.1','1544.4','1','CPA','2018-01-22 17:27:16'),
(461,'2017-07-04','boxingda06','360卫士','boxingda_06','1096','1.1','1205.6','1','CPA','2018-01-22 17:27:16'),
(462,'2017-07-05','boxingda06','360卫士','boxingda_06','894','1.1','983.4','1','CPA','2018-01-22 17:27:16'),
(463,'2017-07-06','boxingda06','360卫士','boxingda_06','791','1.1','870.1','1','CPA','2018-01-22 17:27:16'),
(464,'2017-07-07','boxingda06','360卫士','boxingda_06','647','1.1','711.7','1','CPA','2018-01-22 17:27:16'),
(465,'2017-07-08','boxingda06','360卫士','boxingda_06','817','1.1','898.7','1','CPA','2018-01-22 17:27:16'),
(466,'2017-07-09','boxingda06','360卫士','boxingda_06','1094','1.1','1203.4','1','CPA','2018-01-22 17:27:16'),
(467,'2017-07-10','boxingda06','360卫士','boxingda_06','1308','1.1','1438.8','1','CPA','2018-01-22 17:27:16'),
(468,'2017-07-11','boxingda06','360卫士','boxingda_06','1485','1.1','1633.5','1','CPA','2018-01-22 17:27:16'),
(469,'2017-07-12','boxingda06','360卫士','boxingda_06','1219','1.1','1340.9','1','CPA','2018-01-22 17:27:16'),
(470,'2017-07-13','boxingda06','360卫士','boxingda_06','1203','1.1','1323.3','1','CPA','2018-01-22 17:27:16'),
(471,'2017-07-14','boxingda06','360卫士','boxingda_06','1354','1.1','1489.4','1','CPA','2018-01-22 17:27:16'),
(472,'2017-07-15','boxingda06','360卫士','boxingda_06','1288','1.1','1416.8','1','CPA','2018-01-22 17:27:16'),
(473,'2017-07-16','boxingda06','360卫士','boxingda_06','1471','1.1','1618.1','1','CPA','2018-01-22 17:27:16'),
(474,'2017-07-17','boxingda06','360卫士','boxingda_06','1594','1.1','1753.4','1','CPA','2018-01-22 17:27:16'),
(475,'2017-07-18','boxingda06','360卫士','boxingda_06','1263','1.1','1389.3','1','CPA','2018-01-22 17:27:16'),
(476,'2017-07-19','boxingda06','360卫士','boxingda_06','1566','1.1','1722.6','1','CPA','2018-01-22 17:27:16'),
(477,'2017-07-20','boxingda06','360卫士','boxingda_06','1350','1.1','1485.0','1','CPA','2018-01-22 17:27:16'),
(478,'2017-07-21','boxingda06','360卫士','boxingda_06','1445','1.1','1589.5','1','CPA','2018-01-22 17:27:16'),
(479,'2017-07-22','boxingda06','360卫士','boxingda_06','1348','1.1','1482.8','1','CPA','2018-01-22 17:27:16'),
(480,'2017-07-23','boxingda06','360卫士','boxingda_06','1379','1.1','1516.9','1','CPA','2018-01-22 17:27:16'),
(481,'2017-07-24','boxingda06','360卫士','boxingda_06','1590','1.1','1749.0','1','CPA','2018-01-22 17:27:16'),
(482,'2017-07-25','boxingda06','360卫士','boxingda_06','1839','1.1','2022.9','1','CPA','2018-01-22 17:27:16'),
(483,'2017-07-26','boxingda06','360卫士','boxingda_06','1441','1.1','1585.1','1','CPA','2018-01-22 17:27:16'),
(484,'2017-07-27','boxingda06','360卫士','boxingda_06','1640','1.1','1804.0','1','CPA','2018-01-22 17:27:16'),
(485,'2017-07-28','boxingda06','360卫士','boxingda_06','1475','1.1','1622.5','1','CPA','2018-01-22 17:27:16'),
(486,'2017-07-29','boxingda06','360卫士','boxingda_06','1634','1.1','1797.4','1','CPA','2018-01-22 17:27:16'),
(487,'2017-07-30','boxingda06','360卫士','boxingda_06','1577','1.1','1734.7','1','CPA','2018-01-22 17:27:16'),
(488,'2017-07-31','boxingda06','360卫士','boxingda_06','1261','1.1','1387.1','1','CPA','2018-01-22 17:27:16'),
(489,'2017-06-01','boxingda06','暴风影音视频播放器','boxingda_06','1171','1.2','1405.2','1','CPA','2018-01-22 17:27:16'),
(490,'2017-06-02','boxingda06','暴风影音视频播放器','boxingda_06','1133','1.2','1359.6','1','CPA','2018-01-22 17:27:16'),
(491,'2017-06-03','boxingda06','暴风影音视频播放器','boxingda_06','1264','1.2','1516.8','1','CPA','2018-01-22 17:27:16'),
(492,'2017-06-04','boxingda06','暴风影音视频播放器','boxingda_06','1097','1.2','1316.4','1','CPA','2018-01-22 17:27:16'),
(493,'2017-06-05','boxingda06','暴风影音视频播放器','boxingda_06','1097','1.2','1316.4','1','CPA','2018-01-22 17:27:16'),
(494,'2017-06-06','boxingda06','暴风影音视频播放器','boxingda_06','1478','1.2','1773.6','1','CPA','2018-01-22 17:27:16'),
(495,'2017-06-07','boxingda06','暴风影音视频播放器','boxingda_06','1375','1.2','1650.0','1','CPA','2018-01-22 17:27:16'),
(496,'2017-06-08','boxingda06','暴风影音视频播放器','boxingda_06','1502','1.2','1802.4','1','CPA','2018-01-22 17:27:16'),
(497,'2017-06-09','boxingda06','暴风影音视频播放器','boxingda_06','1247','1.2','1496.4','1','CPA','2018-01-22 17:27:16'),
(498,'2017-06-10','boxingda06','暴风影音视频播放器','boxingda_06','1467','1.2','1760.4','1','CPA','2018-01-22 17:27:16'),
(499,'2017-06-11','boxingda06','暴风影音视频播放器','boxingda_06','1501','1.2','1801.2','1','CPA','2018-01-22 17:27:16'),
(500,'2017-06-12','boxingda06','暴风影音视频播放器','boxingda_06','1475','1.2','1770.0','1','CPA','2018-01-22 17:27:16'),
(501,'2017-06-13','boxingda06','暴风影音视频播放器','boxingda_06','1479','1.2','1774.8','1','CPA','2018-01-22 17:27:16'),
(502,'2017-06-14','boxingda06','暴风影音视频播放器','boxingda_06','1333','1.2','1599.6','1','CPA','2018-01-22 17:27:16'),
(503,'2017-06-15','boxingda06','暴风影音视频播放器','boxingda_06','1316','1.2','1579.2','1','CPA','2018-01-22 17:27:16'),
(504,'2017-06-16','boxingda06','暴风影音视频播放器','boxingda_06','1575','1.2','1890.0','1','CPA','2018-01-22 17:27:16'),
(505,'2017-06-17','boxingda06','暴风影音视频播放器','boxingda_06','1396','1.2','1675.2','1','CPA','2018-01-22 17:27:16'),
(506,'2017-06-18','boxingda06','暴风影音视频播放器','boxingda_06','1528','1.2','1833.6','1','CPA','2018-01-22 17:27:16'),
(507,'2017-06-19','boxingda06','暴风影音视频播放器','boxingda_06','1358','1.2','1629.6','1','CPA','2018-01-22 17:27:16'),
(508,'2017-06-20','boxingda06','暴风影音视频播放器','boxingda_06','1412','1.2','1694.4','1','CPA','2018-01-22 17:27:16'),
(509,'2017-06-21','boxingda06','暴风影音视频播放器','boxingda_06','1466','1.2','1759.2','1','CPA','2018-01-22 17:27:16'),
(510,'2017-06-22','boxingda06','暴风影音视频播放器','boxingda_06','1579','1.2','1894.8','1','CPA','2018-01-22 17:27:16'),
(511,'2017-06-23','boxingda06','暴风影音视频播放器','boxingda_06','1369','1.2','1642.8','1','CPA','2018-01-22 17:27:16'),
(512,'2017-06-24','boxingda06','暴风影音视频播放器','boxingda_06','1348','1.2','1617.6','1','CPA','2018-01-22 17:27:16'),
(513,'2017-06-25','boxingda06','暴风影音视频播放器','boxingda_06','1561','1.2','1873.2','1','CPA','2018-01-22 17:27:16'),
(514,'2017-06-26','boxingda06','暴风影音视频播放器','boxingda_06','1298','1.2','1557.6','1','CPA','2018-01-22 17:27:16'),
(515,'2017-06-27','boxingda06','暴风影音视频播放器','boxingda_06','1075','1.2','1290.0','1','CPA','2018-01-22 17:27:16'),
(516,'2017-06-28','boxingda06','暴风影音视频播放器','boxingda_06','1731','1.2','2077.2','1','CPA','2018-01-22 17:27:16'),
(517,'2017-06-29','boxingda06','暴风影音视频播放器','boxingda_06','1145','1.2','1374.0','1','CPA','2018-01-22 17:27:16'),
(518,'2017-06-30','boxingda06','暴风影音视频播放器','boxingda_06','1105','1.2','1326.0','1','CPA','2018-01-22 17:27:16'),
(519,'2017-07-01','boxingda06','暴风影音视频播放器','boxingda_06','1070','1.2','1284.0','1','CPA','2018-01-22 17:27:16'),
(520,'2017-07-02','boxingda06','暴风影音视频播放器','boxingda_06','994','1.2','1192.8','1','CPA','2018-01-22 17:27:16'),
(521,'2017-07-03','boxingda06','暴风影音视频播放器','boxingda_06','889','1.2','1066.8','1','CPA','2018-01-22 17:27:16'),
(522,'2017-07-04','boxingda06','暴风影音视频播放器','boxingda_06','804','1.2','964.8','1','CPA','2018-01-22 17:27:16'),
(523,'2017-07-05','boxingda06','暴风影音视频播放器','boxingda_06','800','1.2','960.0','1','CPA','2018-01-22 17:27:16'),
(524,'2017-07-06','boxingda06','暴风影音视频播放器','boxingda_06','1108','1.2','1329.6','1','CPA','2018-01-22 17:27:16'),
(525,'2017-07-07','boxingda06','暴风影音视频播放器','boxingda_06','1098','1.2','1317.6','1','CPA','2018-01-22 17:27:16'),
(526,'2017-07-08','boxingda06','暴风影音视频播放器','boxingda_06','1136','1.2','1363.2','1','CPA','2018-01-22 17:27:16'),
(527,'2017-07-09','boxingda06','暴风影音视频播放器','boxingda_06','1014','1.2','1216.8','1','CPA','2018-01-22 17:27:16'),
(528,'2017-07-10','boxingda06','暴风影音视频播放器','boxingda_06','1202','1.2','1442.4','1','CPA','2018-01-22 17:27:16'),
(529,'2017-07-11','boxingda06','暴风影音视频播放器','boxingda_06','1131','1.2','1357.2','1','CPA','2018-01-22 17:27:16'),
(530,'2017-07-12','boxingda06','暴风影音视频播放器','boxingda_06','1245','1.2','1494.0','1','CPA','2018-01-22 17:27:16'),
(531,'2017-07-13','boxingda06','暴风影音视频播放器','boxingda_06','1118','1.2','1341.6','1','CPA','2018-01-22 17:27:16'),
(532,'2017-07-14','boxingda06','暴风影音视频播放器','boxingda_06','1375','1.2','1650.0','1','CPA','2018-01-22 17:27:16'),
(533,'2017-07-15','boxingda06','暴风影音视频播放器','boxingda_06','1072','1.2','1286.4','1','CPA','2018-01-22 17:27:16'),
(534,'2017-07-16','boxingda06','暴风影音视频播放器','boxingda_06','1400','1.2','1680.0','1','CPA','2018-01-22 17:27:16'),
(535,'2017-07-17','boxingda06','暴风影音视频播放器','boxingda_06','1369','1.2','1642.8','1','CPA','2018-01-22 17:27:16'),
(536,'2017-07-18','boxingda06','暴风影音视频播放器','boxingda_06','1261','1.2','1513.2','1','CPA','2018-01-22 17:27:16'),
(537,'2017-07-19','boxingda06','暴风影音视频播放器','boxingda_06','1370','1.2','1644.0','1','CPA','2018-01-22 17:27:16'),
(538,'2017-07-20','boxingda06','暴风影音视频播放器','boxingda_06','1339','1.2','1606.8','1','CPA','2018-01-22 17:27:16'),
(539,'2017-07-21','boxingda06','暴风影音视频播放器','boxingda_06','1201','1.2','1441.2','1','CPA','2018-01-22 17:27:16'),
(540,'2017-07-22','boxingda06','暴风影音视频播放器','boxingda_06','1177','1.2','1412.4','1','CPA','2018-01-22 17:27:16'),
(541,'2017-07-23','boxingda06','暴风影音视频播放器','boxingda_06','1212','1.2','1454.4','1','CPA','2018-01-22 17:27:16'),
(542,'2017-07-24','boxingda06','暴风影音视频播放器','boxingda_06','1193','1.2','1431.6','1','CPA','2018-01-22 17:27:16'),
(543,'2017-07-25','boxingda06','暴风影音视频播放器','boxingda_06','1386','1.2','1663.2','1','CPA','2018-01-22 17:27:16'),
(544,'2017-07-26','boxingda06','暴风影音视频播放器','boxingda_06','1442','1.2','1730.4','1','CPA','2018-01-22 17:27:16'),
(545,'2017-07-27','boxingda06','暴风影音视频播放器','boxingda_06','1610','1.2','1932.0','1','CPA','2018-01-22 17:27:16'),
(546,'2017-07-28','boxingda06','暴风影音视频播放器','boxingda_06','1173','1.2','1407.6','1','CPA','2018-01-22 17:27:16'),
(547,'2017-07-29','boxingda06','暴风影音视频播放器','boxingda_06','1377','1.2','1652.4','1','CPA','2018-01-22 17:27:16'),
(548,'2017-07-30','boxingda06','暴风影音视频播放器','boxingda_06','1254','1.2','1504.8','1','CPA','2018-01-22 17:27:16'),
(549,'2017-07-31','boxingda06','暴风影音视频播放器','boxingda_06','1091','1.2','1309.2','1','CPA','2018-01-22 17:27:16'),
(550,'2017-06-01','boxingda06','登山赛车','boxingda_06','2432','1','2432.0','1','CPA','2018-01-22 17:27:16'),
(551,'2017-06-02','boxingda06','登山赛车','boxingda_06','2431','1','2431.0','1','CPA','2018-01-22 17:27:16'),
(552,'2017-06-03','boxingda06','登山赛车','boxingda_06','2251','1','2251.0','1','CPA','2018-01-22 17:27:16'),
(553,'2017-06-04','boxingda06','登山赛车','boxingda_06','2446','1','2446.0','1','CPA','2018-01-22 17:27:16'),
(554,'2017-06-05','boxingda06','登山赛车','boxingda_06','2425','1','2425.0','1','CPA','2018-01-22 17:27:16'),
(555,'2017-06-06','boxingda06','登山赛车','boxingda_06','2614','1','2614.0','1','CPA','2018-01-22 17:27:16'),
(556,'2017-06-07','boxingda06','登山赛车','boxingda_06','2844','1','2844.0','1','CPA','2018-01-22 17:27:16'),
(557,'2017-06-08','boxingda06','登山赛车','boxingda_06','3493','1','3493.0','1','CPA','2018-01-22 17:27:16'),
(558,'2017-06-09','boxingda06','登山赛车','boxingda_06','3244','1','3244.0','1','CPA','2018-01-22 17:27:16'),
(559,'2017-06-10','boxingda06','登山赛车','boxingda_06','3002','1','3002.0','1','CPA','2018-01-22 17:27:16'),
(560,'2017-06-11','boxingda06','登山赛车','boxingda_06','3331','1','3331.0','1','CPA','2018-01-22 17:27:16'),
(561,'2017-06-12','boxingda06','登山赛车','boxingda_06','3775','1','3775.0','1','CPA','2018-01-22 17:27:16'),
(562,'2017-06-13','boxingda06','登山赛车','boxingda_06','4069','1','4069.0','1','CPA','2018-01-22 17:27:16'),
(563,'2017-06-14','boxingda06','登山赛车','boxingda_06','4560','1','4560.0','1','CPA','2018-01-22 17:27:16'),
(564,'2017-06-15','boxingda06','登山赛车','boxingda_06','4308','1','4308.0','1','CPA','2018-01-22 17:27:16'),
(565,'2017-06-16','boxingda06','登山赛车','boxingda_06','4050','1','4050.0','1','CPA','2018-01-22 17:27:16'),
(566,'2017-06-17','boxingda06','登山赛车','boxingda_06','3949','1','3949.0','1','CPA','2018-01-22 17:27:16'),
(567,'2017-06-18','boxingda06','登山赛车','boxingda_06','3809','1','3809.0','1','CPA','2018-01-22 17:27:16'),
(568,'2017-06-19','boxingda06','登山赛车','boxingda_06','3779','1','3779.0','1','CPA','2018-01-22 17:27:16'),
(569,'2017-06-20','boxingda06','登山赛车','boxingda_06','3614','1','3614.0','1','CPA','2018-01-22 17:27:16'),
(570,'2017-06-21','boxingda06','登山赛车','boxingda_06','3798','1','3798.0','1','CPA','2018-01-22 17:27:16'),
(571,'2017-06-22','boxingda06','登山赛车','boxingda_06','3657','1','3657.0','1','CPA','2018-01-22 17:27:16'),
(572,'2017-06-23','boxingda06','登山赛车','boxingda_06','3803','1','3803.0','1','CPA','2018-01-22 17:27:16'),
(573,'2017-06-24','boxingda06','登山赛车','boxingda_06','3449','1','3449.0','1','CPA','2018-01-22 17:27:16'),
(574,'2017-06-25','boxingda06','登山赛车','boxingda_06','3316','1','3316.0','1','CPA','2018-01-22 17:27:16'),
(575,'2017-06-26','boxingda06','登山赛车','boxingda_06','3590','1','3590.0','1','CPA','2018-01-22 17:27:16'),
(576,'2017-06-27','boxingda06','登山赛车','boxingda_06','3220','1','3220.0','1','CPA','2018-01-22 17:27:16'),
(577,'2017-06-28','boxingda06','登山赛车','boxingda_06','2881','1','2881.0','1','CPA','2018-01-22 17:27:16'),
(578,'2017-06-29','boxingda06','登山赛车','boxingda_06','2546','1','2546.0','1','CPA','2018-01-22 17:27:16'),
(579,'2017-06-30','boxingda06','登山赛车','boxingda_06','2208','1','2208.0','1','CPA','2018-01-22 17:27:16'),
(580,'2017-07-01','boxingda06','登山赛车','boxingda_06','2001','1','2001.0','1','CPA','2018-01-22 17:27:16'),
(581,'2017-07-02','boxingda06','登山赛车','boxingda_06','1870','1','1870.0','1','CPA','2018-01-22 17:27:16'),
(582,'2017-07-03','boxingda06','登山赛车','boxingda_06','1513','1','1513.0','1','CPA','2018-01-22 17:27:16'),
(583,'2017-07-04','boxingda06','登山赛车','boxingda_06','1420','1','1420.0','1','CPA','2018-01-22 17:27:16'),
(584,'2017-07-05','boxingda06','登山赛车','boxingda_06','1092','1','1092.0','1','CPA','2018-01-22 17:27:16'),
(585,'2017-07-06','boxingda06','登山赛车','boxingda_06','1078','1','1078.0','1','CPA','2018-01-22 17:27:16'),
(586,'2017-07-07','boxingda06','登山赛车','boxingda_06','959','1','959.0','1','CPA','2018-01-22 17:27:16'),
(587,'2017-07-08','boxingda06','登山赛车','boxingda_06','811','1','811.0','1','CPA','2018-01-22 17:27:16'),
(588,'2017-07-09','boxingda06','登山赛车','boxingda_06','932','1','932.0','1','CPA','2018-01-22 17:27:16'),
(589,'2017-07-10','boxingda06','登山赛车','boxingda_06','686','1','686.0','1','CPA','2018-01-22 17:27:16'),
(590,'2017-07-11','boxingda06','登山赛车','boxingda_06','765','1','765.0','1','CPA','2018-01-22 17:27:16'),
(591,'2017-07-12','boxingda06','登山赛车','boxingda_06','625','1','625.0','1','CPA','2018-01-22 17:27:16'),
(592,'2017-07-13','boxingda06','登山赛车','boxingda_06','894','1','894.0','1','CPA','2018-01-22 17:27:16'),
(593,'2017-07-14','boxingda06','登山赛车','boxingda_06','921','1','921.0','1','CPA','2018-01-22 17:27:16'),
(594,'2017-07-15','boxingda06','登山赛车','boxingda_06','887','1','887.0','1','CPA','2018-01-22 17:27:16'),
(595,'2017-07-16','boxingda06','登山赛车','boxingda_06','925','1','925.0','1','CPA','2018-01-22 17:27:16'),
(596,'2017-07-17','boxingda06','登山赛车','boxingda_06','967','1','967.0','1','CPA','2018-01-22 17:27:16'),
(597,'2017-07-18','boxingda06','登山赛车','boxingda_06','917','1','917.0','1','CPA','2018-01-22 17:27:16'),
(598,'2017-07-19','boxingda06','登山赛车','boxingda_06','733','1','733.0','1','CPA','2018-01-22 17:27:16'),
(599,'2017-07-20','boxingda06','登山赛车','boxingda_06','895','1','895.0','1','CPA','2018-01-22 17:27:16'),
(600,'2017-07-21','boxingda06','登山赛车','boxingda_06','862','1','862.0','1','CPA','2018-01-22 17:27:16'),
(601,'2017-07-22','boxingda06','登山赛车','boxingda_06','1086','1','1086.0','1','CPA','2018-01-22 17:27:16'),
(602,'2017-07-23','boxingda06','登山赛车','boxingda_06','921','1','921.0','1','CPA','2018-01-22 17:27:16'),
(603,'2017-07-24','boxingda06','登山赛车','boxingda_06','832','1','832.0','1','CPA','2018-01-22 17:27:16'),
(604,'2017-07-25','boxingda06','登山赛车','boxingda_06','1069','1','1069.0','1','CPA','2018-01-22 17:27:16'),
(605,'2017-07-26','boxingda06','登山赛车','boxingda_06','1219','1','1219.0','1','CPA','2018-01-22 17:27:16'),
(606,'2017-07-27','boxingda06','登山赛车','boxingda_06','1105','1','1105.0','1','CPA','2018-01-22 17:27:16'),
(607,'2017-07-28','boxingda06','登山赛车','boxingda_06','1305','1','1305.0','1','CPA','2018-01-22 17:27:16'),
(608,'2017-07-29','boxingda06','登山赛车','boxingda_06','1058','1','1058.0','1','CPA','2018-01-22 17:27:16'),
(609,'2017-07-30','boxingda06','登山赛车','boxingda_06','1206','1','1206.0','1','CPA','2018-01-22 17:27:16'),
(610,'2017-07-31','boxingda06','登山赛车','boxingda_06','1190','1','1190.0','1','CPA','2018-01-22 17:27:16'),
(611,'2017-10-01','boxingda06','京东金融','boxingda_06','829','2','1658.0','1','CPA','2018-01-22 17:27:16'),
(612,'2017-10-02','boxingda06','京东金融','boxingda_06','906','2','1812.0','1','CPA','2018-01-22 17:27:16'),
(613,'2017-10-03','boxingda06','京东金融','boxingda_06','805','2','1610.0','1','CPA','2018-01-22 17:27:16'),
(614,'2017-10-04','boxingda06','京东金融','boxingda_06','801','2','1602.0','1','CPA','2018-01-22 17:27:16'),
(615,'2017-10-05','boxingda06','京东金融','boxingda_06','753','2','1506.0','1','CPA','2018-01-22 17:27:16'),
(616,'2017-10-06','boxingda06','京东金融','boxingda_06','1072','2','2144.0','1','CPA','2018-01-22 17:27:16'),
(617,'2017-10-07','boxingda06','京东金融','boxingda_06','1150','2','2300.0','1','CPA','2018-01-22 17:27:16'),
(618,'2017-10-08','boxingda06','京东金融','boxingda_06','1092','2','2184.0','1','CPA','2018-01-22 17:27:16'),
(619,'2017-10-09','boxingda06','京东金融','boxingda_06','1121','2','2242.0','1','CPA','2018-01-22 17:27:16'),
(620,'2017-10-10','boxingda06','京东金融','boxingda_06','1290','2','2580.0','1','CPA','2018-01-22 17:27:16'),
(621,'2017-10-11','boxingda06','京东金融','boxingda_06','1112','2','2224.0','1','CPA','2018-01-22 17:27:16'),
(622,'2017-10-12','boxingda06','京东金融','boxingda_06','1005','2','2010.0','1','CPA','2018-01-22 17:27:16'),
(623,'2017-10-13','boxingda06','京东金融','boxingda_06','1175','2','2350.0','1','CPA','2018-01-22 17:27:16'),
(624,'2017-10-14','boxingda06','京东金融','boxingda_06','1325','2','2650.0','1','CPA','2018-01-22 17:27:16'),
(625,'2017-10-15','boxingda06','京东金融','boxingda_06','1500','2','3000.0','1','CPA','2018-01-22 17:27:16'),
(626,'2017-10-16','boxingda06','京东金融','boxingda_06','1633','2','3266.0','1','CPA','2018-01-22 17:27:16'),
(627,'2017-10-17','boxingda06','京东金融','boxingda_06','1360','2','2720.0','1','CPA','2018-01-22 17:27:16'),
(628,'2017-10-18','boxingda06','京东金融','boxingda_06','1241','2','2482.0','1','CPA','2018-01-22 17:27:16'),
(629,'2017-10-19','boxingda06','京东金融','boxingda_06','1149','2','2298.0','1','CPA','2018-01-22 17:27:16'),
(630,'2017-10-20','boxingda06','京东金融','boxingda_06','1234','2','2468.0','1','CPA','2018-01-22 17:27:16'),
(631,'2017-10-21','boxingda06','京东金融','boxingda_06','1186','2','2372.0','1','CPA','2018-01-22 17:27:16'),
(632,'2017-10-22','boxingda06','京东金融','boxingda_06','1373','2','2746.0','1','CPA','2018-01-22 17:27:16'),
(633,'2017-10-23','boxingda06','京东金融','boxingda_06','1219','2','2438.0','1','CPA','2018-01-22 17:27:16'),
(634,'2017-10-24','boxingda06','京东金融','boxingda_06','1170','2','2340.0','1','CPA','2018-01-22 17:27:16'),
(635,'2017-10-25','boxingda06','京东金融','boxingda_06','1325','2','2650.0','1','CPA','2018-01-22 17:27:16'),
(636,'2017-10-26','boxingda06','京东金融','boxingda_06','1363','2','2726.0','1','CPA','2018-01-22 17:27:16'),
(637,'2017-10-27','boxingda06','京东金融','boxingda_06','1175','2','2350.0','1','CPA','2018-01-22 17:27:16'),
(638,'2017-10-28','boxingda06','京东金融','boxingda_06','1254','2','2508.0','1','CPA','2018-01-22 17:27:16'),
(639,'2017-10-29','boxingda06','京东金融','boxingda_06','1167','2','2334.0','1','CPA','2018-01-22 17:27:16'),
(640,'2017-10-30','boxingda06','京东金融','boxingda_06','1058','2','2116.0','1','CPA','2018-01-22 17:27:16'),
(641,'2017-10-31','boxingda06','京东金融','boxingda_06','1015','2','2030.0','1','CPA','2018-01-22 17:27:16'),
(642,'2017-11-01','boxingda06','京东金融','boxingda_06','1254','2','2508.0','1','CPA','2018-01-22 17:27:16'),
(643,'2017-11-02','boxingda06','京东金融','boxingda_06','1166','2','2332.0','1','CPA','2018-01-22 17:27:16'),
(644,'2017-11-03','boxingda06','京东金融','boxingda_06','1012','2','2024.0','1','CPA','2018-01-22 17:27:16'),
(645,'2017-11-04','boxingda06','京东金融','boxingda_06','1042','2','2084.0','1','CPA','2018-01-22 17:27:16'),
(646,'2017-11-05','boxingda06','京东金融','boxingda_06','1140','2','2280.0','1','CPA','2018-01-22 17:27:16'),
(647,'2017-11-06','boxingda06','京东金融','boxingda_06','1035','2','2070.0','1','CPA','2018-01-22 17:27:16'),
(648,'2017-11-07','boxingda06','京东金融','boxingda_06','1091','2','2182.0','1','CPA','2018-01-22 17:27:16'),
(649,'2017-11-08','boxingda06','京东金融','boxingda_06','1143','2','2286.0','1','CPA','2018-01-22 17:27:16'),
(650,'2017-11-09','boxingda06','京东金融','boxingda_06','1258','2','2516.0','1','CPA','2018-01-22 17:27:16'),
(651,'2017-11-10','boxingda06','京东金融','boxingda_06','1127','2','2254.0','1','CPA','2018-01-22 17:27:16'),
(652,'2017-11-11','boxingda06','京东金融','boxingda_06','1316','2','2632.0','1','CPA','2018-01-22 17:27:16'),
(653,'2017-11-12','boxingda06','京东金融','boxingda_06','1389','2','2778.0','1','CPA','2018-01-22 17:27:16'),
(654,'2017-11-13','boxingda06','京东金融','boxingda_06','1277','2','2554.0','1','CPA','2018-01-22 17:27:16'),
(655,'2017-11-14','boxingda06','京东金融','boxingda_06','1082','2','2164.0','1','CPA','2018-01-22 17:27:16'),
(656,'2017-11-15','boxingda06','京东金融','boxingda_06','1114','2','2228.0','1','CPA','2018-01-22 17:27:16'),
(657,'2017-11-16','boxingda06','京东金融','boxingda_06','1225','2','2450.0','1','CPA','2018-01-22 17:27:16'),
(658,'2017-11-17','boxingda06','京东金融','boxingda_06','1253','2','2506.0','1','CPA','2018-01-22 17:27:16'),
(659,'2017-11-18','boxingda06','京东金融','boxingda_06','1323','2','2646.0','1','CPA','2018-01-22 17:27:16'),
(660,'2017-11-19','boxingda06','京东金融','boxingda_06','1333','2','2666.0','1','CPA','2018-01-22 17:27:16'),
(661,'2017-11-20','boxingda06','京东金融','boxingda_06','1446','2','2892.0','1','CPA','2018-01-22 17:27:16'),
(662,'2017-11-21','boxingda06','京东金融','boxingda_06','1219','2','2438.0','1','CPA','2018-01-22 17:27:16'),
(663,'2017-11-22','boxingda06','京东金融','boxingda_06','1397','2','2794.0','1','CPA','2018-01-22 17:27:16'),
(664,'2017-11-23','boxingda06','京东金融','boxingda_06','1225','2','2450.0','1','CPA','2018-01-22 17:27:16'),
(665,'2017-11-24','boxingda06','京东金融','boxingda_06','1242','2','2484.0','1','CPA','2018-01-22 17:27:16'),
(666,'2017-11-25','boxingda06','京东金融','boxingda_06','1465','2','2930.0','1','CPA','2018-01-22 17:27:16'),
(667,'2017-11-26','boxingda06','京东金融','boxingda_06','1299','2','2598.0','1','CPA','2018-01-22 17:27:16'),
(668,'2017-11-27','boxingda06','京东金融','boxingda_06','1160','2','2320.0','1','CPA','2018-01-22 17:27:16'),
(669,'2017-11-28','boxingda06','京东金融','boxingda_06','1333','2','2666.0','1','CPA','2018-01-22 17:27:16'),
(670,'2017-11-29','boxingda06','京东金融','boxingda_06','1404','2','2808.0','1','CPA','2018-01-22 17:27:16'),
(671,'2017-11-30','boxingda06','京东金融','boxingda_06','1217','2','2434.0','1','CPA','2018-01-22 17:27:16'),
(672,'2017-10-01','boxingda06','墨迹天气','boxingda_06','561','1.4','785.4','1','CPA','2018-01-22 17:27:16'),
(673,'2017-10-02','boxingda06','墨迹天气','boxingda_06','488','1.4','683.2','1','CPA','2018-01-22 17:27:16'),
(674,'2017-10-03','boxingda06','墨迹天气','boxingda_06','521','1.4','729.4','1','CPA','2018-01-22 17:27:16'),
(675,'2017-10-04','boxingda06','墨迹天气','boxingda_06','469','1.4','656.6','1','CPA','2018-01-22 17:27:16'),
(676,'2017-10-05','boxingda06','墨迹天气','boxingda_06','521','1.4','729.4','1','CPA','2018-01-22 17:27:16'),
(677,'2017-10-06','boxingda06','墨迹天气','boxingda_06','586','1.4','820.4','1','CPA','2018-01-22 17:27:16'),
(678,'2017-10-07','boxingda06','墨迹天气','boxingda_06','548','1.4','767.2','1','CPA','2018-01-22 17:27:16'),
(679,'2017-10-08','boxingda06','墨迹天气','boxingda_06','582','1.4','814.8','1','CPA','2018-01-22 17:27:16'),
(680,'2017-10-09','boxingda06','墨迹天气','boxingda_06','561','1.4','785.4','1','CPA','2018-01-22 17:27:16'),
(681,'2017-10-10','boxingda06','墨迹天气','boxingda_06','627','1.4','877.8','1','CPA','2018-01-22 17:27:16'),
(682,'2017-10-11','boxingda06','墨迹天气','boxingda_06','624','1.4','873.6','1','CPA','2018-01-22 17:27:16'),
(683,'2017-10-12','boxingda06','墨迹天气','boxingda_06','610','1.4','854.0','1','CPA','2018-01-22 17:27:16'),
(684,'2017-10-13','boxingda06','墨迹天气','boxingda_06','528','1.4','739.2','1','CPA','2018-01-22 17:27:16'),
(685,'2017-10-14','boxingda06','墨迹天气','boxingda_06','657','1.4','919.8','1','CPA','2018-01-22 17:27:16'),
(686,'2017-10-15','boxingda06','墨迹天气','boxingda_06','714','1.4','999.6','1','CPA','2018-01-22 17:27:16'),
(687,'2017-10-16','boxingda06','墨迹天气','boxingda_06','723','1.4','1012.2','1','CPA','2018-01-22 17:27:16'),
(688,'2017-10-17','boxingda06','墨迹天气','boxingda_06','689','1.4','964.6','1','CPA','2018-01-22 17:27:16'),
(689,'2017-10-18','boxingda06','墨迹天气','boxingda_06','761','1.4','1065.4','1','CPA','2018-01-22 17:27:16'),
(690,'2017-10-19','boxingda06','墨迹天气','boxingda_06','734','1.4','1027.6','1','CPA','2018-01-22 17:27:16'),
(691,'2017-10-20','boxingda06','墨迹天气','boxingda_06','674','1.4','943.6','1','CPA','2018-01-22 17:27:16'),
(692,'2017-10-21','boxingda06','墨迹天气','boxingda_06','680','1.4','952.0','1','CPA','2018-01-22 17:27:16'),
(693,'2017-10-22','boxingda06','墨迹天气','boxingda_06','701','1.4','981.4','1','CPA','2018-01-22 17:27:16'),
(694,'2017-10-23','boxingda06','墨迹天气','boxingda_06','683','1.4','956.2','1','CPA','2018-01-22 17:27:16'),
(695,'2017-10-24','boxingda06','墨迹天气','boxingda_06','805','1.4','1127.0','1','CPA','2018-01-22 17:27:16'),
(696,'2017-10-25','boxingda06','墨迹天气','boxingda_06','758','1.4','1061.2','1','CPA','2018-01-22 17:27:16'),
(697,'2017-10-26','boxingda06','墨迹天气','boxingda_06','787','1.4','1101.8','1','CPA','2018-01-22 17:27:16'),
(698,'2017-10-27','boxingda06','墨迹天气','boxingda_06','731','1.4','1023.4','1','CPA','2018-01-22 17:27:16'),
(699,'2017-10-28','boxingda06','墨迹天气','boxingda_06','832','1.4','1164.8','1','CPA','2018-01-22 17:27:16'),
(700,'2017-10-29','boxingda06','墨迹天气','boxingda_06','666','1.4','932.4','1','CPA','2018-01-22 17:27:16'),
(701,'2017-10-30','boxingda06','墨迹天气','boxingda_06','671','1.4','939.4','1','CPA','2018-01-22 17:27:16'),
(702,'2017-10-31','boxingda06','墨迹天气','boxingda_06','628','1.4','879.2','1','CPA','2018-01-22 17:27:16'),
(703,'2017-11-01','boxingda06','墨迹天气','boxingda_06','644','1.4','901.6','1','CPA','2018-01-22 17:27:16'),
(704,'2017-11-02','boxingda06','墨迹天气','boxingda_06','835','1.4','1169.0','1','CPA','2018-01-22 17:27:16'),
(705,'2017-11-03','boxingda06','墨迹天气','boxingda_06','668','1.4','935.2','1','CPA','2018-01-22 17:27:16'),
(706,'2017-11-04','boxingda06','墨迹天气','boxingda_06','765','1.4','1071.0','1','CPA','2018-01-22 17:27:16'),
(707,'2017-11-05','boxingda06','墨迹天气','boxingda_06','639','1.4','894.6','1','CPA','2018-01-22 17:27:16'),
(708,'2017-11-06','boxingda06','墨迹天气','boxingda_06','744','1.4','1041.6','1','CPA','2018-01-22 17:27:16'),
(709,'2017-11-07','boxingda06','墨迹天气','boxingda_06','854','1.4','1195.6','1','CPA','2018-01-22 17:27:16'),
(710,'2017-11-08','boxingda06','墨迹天气','boxingda_06','731','1.4','1023.4','1','CPA','2018-01-22 17:27:16'),
(711,'2017-11-09','boxingda06','墨迹天气','boxingda_06','908','1.4','1271.2','1','CPA','2018-01-22 17:27:16'),
(712,'2017-11-10','boxingda06','墨迹天气','boxingda_06','914','1.4','1279.6','1','CPA','2018-01-22 17:27:16'),
(713,'2017-11-11','boxingda06','墨迹天气','boxingda_06','773','1.4','1082.2','1','CPA','2018-01-22 17:27:16'),
(714,'2017-11-12','boxingda06','墨迹天气','boxingda_06','777','1.4','1087.8','1','CPA','2018-01-22 17:27:16'),
(715,'2017-11-13','boxingda06','墨迹天气','boxingda_06','788','1.4','1103.2','1','CPA','2018-01-22 17:27:16'),
(716,'2017-11-14','boxingda06','墨迹天气','boxingda_06','939','1.4','1314.6','1','CPA','2018-01-22 17:27:16'),
(717,'2017-11-15','boxingda06','墨迹天气','boxingda_06','992','1.4','1388.8','1','CPA','2018-01-22 17:27:16'),
(718,'2017-11-16','boxingda06','墨迹天气','boxingda_06','900','1.4','1260.0','1','CPA','2018-01-22 17:27:16'),
(719,'2017-11-17','boxingda06','墨迹天气','boxingda_06','896','1.4','1254.4','1','CPA','2018-01-22 17:27:16'),
(720,'2017-11-18','boxingda06','墨迹天气','boxingda_06','941','1.4','1317.4','1','CPA','2018-01-22 17:27:16'),
(721,'2017-11-19','boxingda06','墨迹天气','boxingda_06','939','1.4','1314.6','1','CPA','2018-01-22 17:27:16'),
(722,'2017-11-20','boxingda06','墨迹天气','boxingda_06','936','1.4','1310.4','1','CPA','2018-01-22 17:27:16'),
(723,'2017-11-21','boxingda06','墨迹天气','boxingda_06','853','1.4','1194.2','1','CPA','2018-01-22 17:27:16'),
(724,'2017-11-22','boxingda06','墨迹天气','boxingda_06','983','1.4','1376.2','1','CPA','2018-01-22 17:27:16'),
(725,'2017-11-23','boxingda06','墨迹天气','boxingda_06','852','1.4','1192.8','1','CPA','2018-01-22 17:27:16'),
(726,'2017-11-24','boxingda06','墨迹天气','boxingda_06','942','1.4','1318.8','1','CPA','2018-01-22 17:27:16'),
(727,'2017-11-25','boxingda06','墨迹天气','boxingda_06','840','1.4','1176.0','1','CPA','2018-01-22 17:27:16'),
(728,'2017-11-26','boxingda06','墨迹天气','boxingda_06','960','1.4','1344.0','1','CPA','2018-01-22 17:27:16'),
(729,'2017-11-27','boxingda06','墨迹天气','boxingda_06','943','1.4','1320.2','1','CPA','2018-01-22 17:27:16'),
(730,'2017-11-28','boxingda06','墨迹天气','boxingda_06','957','1.4','1339.8','1','CPA','2018-01-22 17:27:16'),
(731,'2017-11-29','boxingda06','墨迹天气','boxingda_06','815','1.4','1141.0','1','CPA','2018-01-22 17:27:16'),
(732,'2017-11-30','boxingda06','墨迹天气','boxingda_06','813','1.4','1138.2','1','CPA','2018-01-22 17:27:16'),
(733,'2017-10-01','boxingda06','实趣新闻','boxingda_06','370','1.1','407.0','1','CPA','2018-01-22 17:27:16'),
(734,'2017-10-02','boxingda06','实趣新闻','boxingda_06','383','1.1','421.3','1','CPA','2018-01-22 17:27:16'),
(735,'2017-10-03','boxingda06','实趣新闻','boxingda_06','365','1.1','401.5','1','CPA','2018-01-22 17:27:16'),
(736,'2017-10-04','boxingda06','实趣新闻','boxingda_06','407','1.1','447.7','1','CPA','2018-01-22 17:27:16'),
(737,'2017-10-05','boxingda06','实趣新闻','boxingda_06','381','1.1','419.1','1','CPA','2018-01-22 17:27:16'),
(738,'2017-10-06','boxingda06','实趣新闻','boxingda_06','473','1.1','520.3','1','CPA','2018-01-22 17:27:16'),
(739,'2017-10-07','boxingda06','实趣新闻','boxingda_06','531','1.1','584.1','1','CPA','2018-01-22 17:27:16'),
(740,'2017-10-08','boxingda06','实趣新闻','boxingda_06','470','1.1','517.0','1','CPA','2018-01-22 17:27:16'),
(741,'2017-10-09','boxingda06','实趣新闻','boxingda_06','508','1.1','558.8','1','CPA','2018-01-22 17:27:16'),
(742,'2017-10-10','boxingda06','实趣新闻','boxingda_06','543','1.1','597.3','1','CPA','2018-01-22 17:27:16'),
(743,'2017-10-11','boxingda06','实趣新闻','boxingda_06','589','1.1','647.9','1','CPA','2018-01-22 17:27:16'),
(744,'2017-10-12','boxingda06','实趣新闻','boxingda_06','557','1.1','612.7','1','CPA','2018-01-22 17:27:16'),
(745,'2017-10-13','boxingda06','实趣新闻','boxingda_06','595','1.1','654.5','1','CPA','2018-01-22 17:27:16'),
(746,'2017-10-14','boxingda06','实趣新闻','boxingda_06','542','1.1','596.2','1','CPA','2018-01-22 17:27:16'),
(747,'2017-10-15','boxingda06','实趣新闻','boxingda_06','501','1.1','551.1','1','CPA','2018-01-22 17:27:16'),
(748,'2017-10-16','boxingda06','实趣新闻','boxingda_06','543','1.1','597.3','1','CPA','2018-01-22 17:27:16'),
(749,'2017-10-17','boxingda06','实趣新闻','boxingda_06','561','1.1','617.1','1','CPA','2018-01-22 17:27:16'),
(750,'2017-10-18','boxingda06','实趣新闻','boxingda_06','583','1.1','641.3','1','CPA','2018-01-22 17:27:16'),
(751,'2017-10-19','boxingda06','实趣新闻','boxingda_06','564','1.1','620.4','1','CPA','2018-01-22 17:27:16'),
(752,'2017-10-20','boxingda06','实趣新闻','boxingda_06','610','1.1','671.0','1','CPA','2018-01-22 17:27:16'),
(753,'2017-10-21','boxingda06','实趣新闻','boxingda_06','628','1.1','690.8','1','CPA','2018-01-22 17:27:16'),
(754,'2017-10-22','boxingda06','实趣新闻','boxingda_06','638','1.1','701.8','1','CPA','2018-01-22 17:27:16'),
(755,'2017-10-23','boxingda06','实趣新闻','boxingda_06','611','1.1','672.1','1','CPA','2018-01-22 17:27:16'),
(756,'2017-10-24','boxingda06','实趣新闻','boxingda_06','559','1.1','614.9','1','CPA','2018-01-22 17:27:16'),
(757,'2017-10-25','boxingda06','实趣新闻','boxingda_06','736','1.1','809.6','1','CPA','2018-01-22 17:27:16'),
(758,'2017-10-26','boxingda06','实趣新闻','boxingda_06','700','1.1','770.0','1','CPA','2018-01-22 17:27:16'),
(759,'2017-10-27','boxingda06','实趣新闻','boxingda_06','715','1.1','786.5','1','CPA','2018-01-22 17:27:16'),
(760,'2017-10-28','boxingda06','实趣新闻','boxingda_06','631','1.1','694.1','1','CPA','2018-01-22 17:27:16'),
(761,'2017-10-29','boxingda06','实趣新闻','boxingda_06','634','1.1','697.4','1','CPA','2018-01-22 17:27:16'),
(762,'2017-10-30','boxingda06','实趣新闻','boxingda_06','515','1.1','566.5','1','CPA','2018-01-22 17:27:16'),
(763,'2017-10-31','boxingda06','实趣新闻','boxingda_06','445','1.1','489.5','1','CPA','2018-01-22 17:27:16'),
(764,'2017-11-01','boxingda06','实趣新闻','boxingda_06','476','1.1','523.6','1','CPA','2018-01-22 17:27:16'),
(765,'2017-11-02','boxingda06','实趣新闻','boxingda_06','521','1.1','573.1','1','CPA','2018-01-22 17:27:16'),
(766,'2017-11-03','boxingda06','实趣新闻','boxingda_06','533','1.1','586.3','1','CPA','2018-01-22 17:27:16'),
(767,'2017-11-04','boxingda06','实趣新闻','boxingda_06','478','1.1','525.8','1','CPA','2018-01-22 17:27:16'),
(768,'2017-11-05','boxingda06','实趣新闻','boxingda_06','482','1.1','530.2','1','CPA','2018-01-22 17:27:16'),
(769,'2017-11-06','boxingda06','实趣新闻','boxingda_06','752','1.1','827.2','1','CPA','2018-01-22 17:27:16'),
(770,'2017-11-07','boxingda06','实趣新闻','boxingda_06','672','1.1','739.2','1','CPA','2018-01-22 17:27:16'),
(771,'2017-11-08','boxingda06','实趣新闻','boxingda_06','658','1.1','723.8','1','CPA','2018-01-22 17:27:16'),
(772,'2017-11-09','boxingda06','实趣新闻','boxingda_06','730','1.1','803.0','1','CPA','2018-01-22 17:27:16'),
(773,'2017-11-10','boxingda06','实趣新闻','boxingda_06','777','1.1','854.7','1','CPA','2018-01-22 17:27:16'),
(774,'2017-11-11','boxingda06','实趣新闻','boxingda_06','607','1.1','667.7','1','CPA','2018-01-22 17:27:16'),
(775,'2017-11-12','boxingda06','实趣新闻','boxingda_06','685','1.1','753.5','1','CPA','2018-01-22 17:27:16'),
(776,'2017-11-13','boxingda06','实趣新闻','boxingda_06','771','1.1','848.1','1','CPA','2018-01-22 17:27:16'),
(777,'2017-11-14','boxingda06','实趣新闻','boxingda_06','680','1.1','748.0','1','CPA','2018-01-22 17:27:16'),
(778,'2017-11-15','boxingda06','实趣新闻','boxingda_06','695','1.1','764.5','1','CPA','2018-01-22 17:27:16'),
(779,'2017-11-16','boxingda06','实趣新闻','boxingda_06','827','1.1','909.7','1','CPA','2018-01-22 17:27:16'),
(780,'2017-11-17','boxingda06','实趣新闻','boxingda_06','832','1.1','915.2','1','CPA','2018-01-22 17:27:16'),
(781,'2017-11-18','boxingda06','实趣新闻','boxingda_06','711','1.1','782.1','1','CPA','2018-01-22 17:27:16'),
(782,'2017-11-19','boxingda06','实趣新闻','boxingda_06','786','1.1','864.6','1','CPA','2018-01-22 17:27:16'),
(783,'2017-11-20','boxingda06','实趣新闻','boxingda_06','790','1.1','869.0','1','CPA','2018-01-22 17:27:16'),
(784,'2017-11-21','boxingda06','实趣新闻','boxingda_06','789','1.1','867.9','1','CPA','2018-01-22 17:27:16'),
(785,'2017-11-22','boxingda06','实趣新闻','boxingda_06','733','1.1','806.3','1','CPA','2018-01-22 17:27:16'),
(786,'2017-11-23','boxingda06','实趣新闻','boxingda_06','709','1.1','779.9','1','CPA','2018-01-22 17:27:16'),
(787,'2017-11-24','boxingda06','实趣新闻','boxingda_06','762','1.1','838.2','1','CPA','2018-01-22 17:27:16'),
(788,'2017-11-25','boxingda06','实趣新闻','boxingda_06','883','1.1','971.3','1','CPA','2018-01-22 17:27:16'),
(789,'2017-11-26','boxingda06','实趣新闻','boxingda_06','736','1.1','809.6','1','CPA','2018-01-22 17:27:16'),
(790,'2017-11-27','boxingda06','实趣新闻','boxingda_06','846','1.1','930.6','1','CPA','2018-01-22 17:27:16'),
(791,'2017-11-28','boxingda06','实趣新闻','boxingda_06','794','1.1','873.4','1','CPA','2018-01-22 17:27:16'),
(792,'2017-11-29','boxingda06','实趣新闻','boxingda_06','821','1.1','903.1','1','CPA','2018-01-22 17:27:16'),
(793,'2017-11-30','boxingda06','实趣新闻','boxingda_06','722','1.1','794.2','1','CPA','2018-01-22 17:27:16'),
(794,'2017-06-01','boxingda06','搜狗手机助手','boxingda_06','1088','1.6','1740.8','1','CPA','2018-01-22 17:27:16'),
(795,'2017-06-02','boxingda06','搜狗手机助手','boxingda_06','1158','1.6','1852.8','1','CPA','2018-01-22 17:27:16'),
(796,'2017-06-03','boxingda06','搜狗手机助手','boxingda_06','1086','1.6','1737.6','1','CPA','2018-01-22 17:27:16'),
(797,'2017-06-04','boxingda06','搜狗手机助手','boxingda_06','1149','1.6','1838.4','1','CPA','2018-01-22 17:27:16'),
(798,'2017-06-05','boxingda06','搜狗手机助手','boxingda_06','1218','1.6','1948.8','1','CPA','2018-01-22 17:27:16'),
(799,'2017-06-06','boxingda06','搜狗手机助手','boxingda_06','1176','1.6','1881.6','1','CPA','2018-01-22 17:27:16'),
(800,'2017-06-07','boxingda06','搜狗手机助手','boxingda_06','1070','1.6','1712.0','1','CPA','2018-01-22 17:27:16'),
(801,'2017-06-08','boxingda06','搜狗手机助手','boxingda_06','1208','1.6','1932.8','1','CPA','2018-01-22 17:27:16'),
(802,'2017-06-09','boxingda06','搜狗手机助手','boxingda_06','1247','1.6','1995.2','1','CPA','2018-01-22 17:27:16'),
(803,'2017-06-10','boxingda06','搜狗手机助手','boxingda_06','1110','1.6','1776.0','1','CPA','2018-01-22 17:27:16'),
(804,'2017-06-11','boxingda06','搜狗手机助手','boxingda_06','1226','1.6','1961.6','1','CPA','2018-01-22 17:27:16'),
(805,'2017-06-12','boxingda06','搜狗手机助手','boxingda_06','1125','1.6','1800.0','1','CPA','2018-01-22 17:27:16'),
(806,'2017-06-13','boxingda06','搜狗手机助手','boxingda_06','1078','1.6','1724.8','1','CPA','2018-01-22 17:27:16'),
(807,'2017-06-14','boxingda06','搜狗手机助手','boxingda_06','1120','1.6','1792.0','1','CPA','2018-01-22 17:27:16'),
(808,'2017-06-15','boxingda06','搜狗手机助手','boxingda_06','1282','1.6','2051.2','1','CPA','2018-01-22 17:27:16'),
(809,'2017-06-16','boxingda06','搜狗手机助手','boxingda_06','1317','1.6','2107.2','1','CPA','2018-01-22 17:27:16'),
(810,'2017-06-17','boxingda06','搜狗手机助手','boxingda_06','1214','1.6','1942.4','1','CPA','2018-01-22 17:27:16'),
(811,'2017-06-18','boxingda06','搜狗手机助手','boxingda_06','1406','1.6','2249.6','1','CPA','2018-01-22 17:27:16'),
(812,'2017-06-19','boxingda06','搜狗手机助手','boxingda_06','1141','1.6','1825.6','1','CPA','2018-01-22 17:27:16'),
(813,'2017-06-20','boxingda06','搜狗手机助手','boxingda_06','1232','1.6','1971.2','1','CPA','2018-01-22 17:27:16'),
(814,'2017-06-21','boxingda06','搜狗手机助手','boxingda_06','1295','1.6','2072.0','1','CPA','2018-01-22 17:27:16'),
(815,'2017-06-22','boxingda06','搜狗手机助手','boxingda_06','1371','1.6','2193.6','1','CPA','2018-01-22 17:27:16'),
(816,'2017-06-23','boxingda06','搜狗手机助手','boxingda_06','1384','1.6','2214.4','1','CPA','2018-01-22 17:27:16'),
(817,'2017-06-24','boxingda06','搜狗手机助手','boxingda_06','1190','1.6','1904.0','1','CPA','2018-01-22 17:27:16'),
(818,'2017-06-25','boxingda06','搜狗手机助手','boxingda_06','1455','1.6','2328.0','1','CPA','2018-01-22 17:27:16'),
(819,'2017-06-26','boxingda06','搜狗手机助手','boxingda_06','1389','1.6','2222.4','1','CPA','2018-01-22 17:27:16'),
(820,'2017-06-27','boxingda06','搜狗手机助手','boxingda_06','1379','1.6','2206.4','1','CPA','2018-01-22 17:27:16'),
(821,'2017-06-28','boxingda06','搜狗手机助手','boxingda_06','1205','1.6','1928.0','1','CPA','2018-01-22 17:27:16'),
(822,'2017-06-29','boxingda06','搜狗手机助手','boxingda_06','1118','1.6','1788.8','1','CPA','2018-01-22 17:27:16'),
(823,'2017-06-30','boxingda06','搜狗手机助手','boxingda_06','1006','1.6','1609.6','1','CPA','2018-01-22 17:27:16'),
(824,'2017-07-01','boxingda06','搜狗手机助手','boxingda_06','1063','1.6','1700.8','1','CPA','2018-01-22 17:27:16'),
(825,'2017-07-02','boxingda06','搜狗手机助手','boxingda_06','1158','1.6','1852.8','1','CPA','2018-01-22 17:27:16'),
(826,'2017-07-03','boxingda06','搜狗手机助手','boxingda_06','1067','1.6','1707.2','1','CPA','2018-01-22 17:27:16'),
(827,'2017-07-04','boxingda06','搜狗手机助手','boxingda_06','1109','1.6','1774.4','1','CPA','2018-01-22 17:27:16'),
(828,'2017-07-05','boxingda06','搜狗手机助手','boxingda_06','1037','1.6','1659.2','1','CPA','2018-01-22 17:27:16'),
(829,'2017-07-06','boxingda06','搜狗手机助手','boxingda_06','1143','1.6','1828.8','1','CPA','2018-01-22 17:27:16'),
(830,'2017-07-07','boxingda06','搜狗手机助手','boxingda_06','1258','1.6','2012.8','1','CPA','2018-01-22 17:27:16'),
(831,'2017-07-08','boxingda06','搜狗手机助手','boxingda_06','1130','1.6','1808.0','1','CPA','2018-01-22 17:27:16'),
(832,'2017-07-09','boxingda06','搜狗手机助手','boxingda_06','1100','1.6','1760.0','1','CPA','2018-01-22 17:27:16'),
(833,'2017-07-10','boxingda06','搜狗手机助手','boxingda_06','1254','1.6','2006.4','1','CPA','2018-01-22 17:27:16'),
(834,'2017-07-11','boxingda06','搜狗手机助手','boxingda_06','1434','1.6','2294.4','1','CPA','2018-01-22 17:27:16'),
(835,'2017-07-12','boxingda06','搜狗手机助手','boxingda_06','1091','1.6','1745.6','1','CPA','2018-01-22 17:27:16'),
(836,'2017-07-13','boxingda06','搜狗手机助手','boxingda_06','1205','1.6','1928.0','1','CPA','2018-01-22 17:27:16'),
(837,'2017-07-14','boxingda06','搜狗手机助手','boxingda_06','1055','1.6','1688.0','1','CPA','2018-01-22 17:27:16'),
(838,'2017-07-15','boxingda06','搜狗手机助手','boxingda_06','1253','1.6','2004.8','1','CPA','2018-01-22 17:27:16'),
(839,'2017-07-16','boxingda06','搜狗手机助手','boxingda_06','1354','1.6','2166.4','1','CPA','2018-01-22 17:27:16'),
(840,'2017-07-17','boxingda06','搜狗手机助手','boxingda_06','1264','1.6','2022.4','1','CPA','2018-01-22 17:27:16'),
(841,'2017-07-18','boxingda06','搜狗手机助手','boxingda_06','1375','1.6','2200.0','1','CPA','2018-01-22 17:27:16'),
(842,'2017-07-19','boxingda06','搜狗手机助手','boxingda_06','1246','1.6','1993.6','1','CPA','2018-01-22 17:27:16'),
(843,'2017-07-20','boxingda06','搜狗手机助手','boxingda_06','1369','1.6','2190.4','1','CPA','2018-01-22 17:27:16'),
(844,'2017-07-21','boxingda06','搜狗手机助手','boxingda_06','1295','1.6','2072.0','1','CPA','2018-01-22 17:27:16'),
(845,'2017-07-22','boxingda06','搜狗手机助手','boxingda_06','1356','1.6','2169.6','1','CPA','2018-01-22 17:27:16'),
(846,'2017-07-23','boxingda06','搜狗手机助手','boxingda_06','1276','1.6','2041.6','1','CPA','2018-01-22 17:27:16'),
(847,'2017-07-24','boxingda06','搜狗手机助手','boxingda_06','1489','1.6','2382.4','1','CPA','2018-01-22 17:27:16'),
(848,'2017-07-25','boxingda06','搜狗手机助手','boxingda_06','1448','1.6','2316.8','1','CPA','2018-01-22 17:27:16'),
(849,'2017-07-26','boxingda06','搜狗手机助手','boxingda_06','1372','1.6','2195.2','1','CPA','2018-01-22 17:27:16'),
(850,'2017-07-27','boxingda06','搜狗手机助手','boxingda_06','1583','1.6','2532.8','1','CPA','2018-01-22 17:27:16'),
(851,'2017-07-28','boxingda06','搜狗手机助手','boxingda_06','1317','1.6','2107.2','1','CPA','2018-01-22 17:27:16'),
(852,'2017-07-29','boxingda06','搜狗手机助手','boxingda_06','1496','1.6','2393.6','1','CPA','2018-01-22 17:27:16'),
(853,'2017-07-30','boxingda06','搜狗手机助手','boxingda_06','1157','1.6','1851.2','1','CPA','2018-01-22 17:27:16'),
(854,'2017-07-31','boxingda06','搜狗手机助手','boxingda_06','1087','1.6','1739.2','1','CPA','2018-01-22 17:27:16');

/*Table structure for table `tb_xn_exam_paper` */

DROP TABLE IF EXISTS `tb_xn_exam_paper`;

CREATE TABLE `tb_xn_exam_paper` (
  `paper_id` int(11) NOT NULL AUTO_INCREMENT COMMENT '试卷ID',
  `create_paper_id` int(11) NOT NULL COMMENT '出卷人ID',
  `paper_name` varchar(50) NOT NULL COMMENT '试卷名',
  `paper_score` int(4) NOT NULL COMMENT '试卷总分',
  `total_time` int(4) NOT NULL COMMENT '试卷总时间(分钟)',
  `start_time` datetime NOT NULL COMMENT '试卷开考时间',
  `end_time` datetime NOT NULL COMMENT '试卷结束时间',
  `curday` varchar(8) NOT NULL COMMENT '创建日期',
  `create_time` datetime NOT NULL COMMENT '创建时间',
  `update_time` datetime NOT NULL COMMENT '更新时间',
  `is_allowed` tinyint(1) NOT NULL DEFAULT '0' COMMENT '试卷状态，是否可考',
  `is_ok` tinyint(1) NOT NULL DEFAULT '0' COMMENT '是否有效',
  `remark` varchar(200) DEFAULT NULL COMMENT '备注信息',
  PRIMARY KEY (`paper_id`),
  KEY `isDeleted` (`is_ok`)
) ENGINE=InnoDB AUTO_INCREMENT=13 DEFAULT CHARSET=utf8;

/*Data for the table `tb_xn_exam_paper` */

insert  into `tb_xn_exam_paper`(`paper_id`,`create_paper_id`,`paper_name`,`paper_score`,`total_time`,`start_time`,`end_time`,`curday`,`create_time`,`update_time`,`is_allowed`,`is_ok`,`remark`) values 
(2,1,'第二阶段',100,90,'2018-01-14 16:26:00','2018-01-16 19:26:00','20180116','2018-01-16 16:27:08','2018-01-17 11:33:59',0,0,'java相关'),
(3,1,'第一阶段',120,120,'2018-01-18 11:35:00','2018-01-19 11:35:00','20180117','2018-01-17 11:36:10','2018-01-17 11:45:13',0,0,'java开发'),
(4,1,'第三阶段',150,150,'2018-01-19 11:44:00','2018-01-20 11:44:00','20180117','2018-01-17 11:45:02','2018-01-17 11:45:02',0,0,'Oracle'),
(5,1,'第四阶段',100,80,'2018-01-15 11:46:00','2018-01-18 11:46:00','20180117','2018-01-17 11:46:36','2018-01-17 11:46:36',0,0,'mysql'),
(6,1,'第五阶段',120,90,'2018-01-16 14:09:00','2018-01-20 17:09:00','20180117','2018-01-17 14:10:16','2018-01-17 14:10:16',0,0,'jsp'),
(7,1,'第六阶段',150,90,'2018-01-18 12:10:00','2018-01-22 16:10:00','20180117','2018-01-17 14:11:56','2018-01-17 14:11:56',0,0,'servlet'),
(8,13,'第七阶段',120,100,'2018-01-16 14:26:00','2018-01-19 14:26:00','20180117','2018-01-17 14:27:13','2018-01-17 14:27:13',0,0,'sql'),
(9,1,'第八阶段',120,80,'2018-01-20 14:13:00','2018-01-22 14:13:00','20180119','2018-01-19 14:14:04','2018-01-19 14:14:04',0,0,'spring'),
(10,1,'第九阶段',120,100,'2018-01-24 15:02:00','2018-01-27 15:02:00','20180125','2018-01-25 15:03:04','2018-01-25 15:03:04',0,0,'SSM'),
(11,1,'第十阶段',100,100,'2018-01-28 16:04:00','2018-01-31 16:04:00','20180129','2018-01-29 16:04:28','2018-01-29 16:04:28',0,0,'第十阶段'),
(12,1,'sdgfgs',120,120,'2018-04-20 22:03:00','2018-04-22 22:03:00','20180421','2018-04-21 22:04:12','2018-04-21 22:04:12',0,0,'fas');

/*Table structure for table `tb_xn_exam_paper_config` */

DROP TABLE IF EXISTS `tb_xn_exam_paper_config`;

CREATE TABLE `tb_xn_exam_paper_config` (
  `id` bigint(18) NOT NULL AUTO_INCREMENT COMMENT '试卷配置关系表主键',
  `paper_id` int(11) NOT NULL COMMENT '试卷ID',
  `type_id` int(11) NOT NULL COMMENT '题型ID',
  `type_num` tinyint(4) NOT NULL COMMENT '题型数量',
  `type_score` tinyint(4) NOT NULL COMMENT '题型分数(每道)',
  `is_ok` tinyint(1) NOT NULL DEFAULT '0' COMMENT '是否有效',
  PRIMARY KEY (`id`)
) ENGINE=InnoDB AUTO_INCREMENT=34 DEFAULT CHARSET=utf8;

/*Data for the table `tb_xn_exam_paper_config` */

insert  into `tb_xn_exam_paper_config`(`id`,`paper_id`,`type_id`,`type_num`,`type_score`,`is_ok`) values 
(1,2,3,3,10,0),
(2,2,2,5,8,0),
(3,2,1,5,6,0),
(4,3,3,3,10,0),
(5,3,2,5,8,0),
(6,3,1,5,10,0),
(7,4,3,5,20,0),
(8,4,2,5,5,0),
(9,4,1,5,5,0),
(10,5,3,3,10,0),
(11,5,2,5,8,0),
(12,5,1,5,6,0),
(13,6,3,5,10,0),
(14,6,2,5,8,0),
(15,6,1,5,6,0),
(16,7,3,4,20,0),
(17,7,2,5,8,0),
(18,7,1,5,6,0),
(19,8,3,5,10,0),
(20,8,2,5,8,0),
(21,8,1,5,6,0),
(22,9,3,3,20,0),
(23,9,2,5,6,0),
(24,9,1,5,6,0),
(25,10,3,3,20,0),
(26,10,2,5,6,0),
(27,10,1,5,6,0),
(28,11,3,5,8,0),
(29,11,2,5,6,0),
(30,11,1,5,6,0),
(31,12,3,5,10,0),
(32,12,2,5,8,0),
(33,12,1,5,6,0);

/*Table structure for table `tb_xn_exam_paper_create` */

DROP TABLE IF EXISTS `tb_xn_exam_paper_create`;

CREATE TABLE `tb_xn_exam_paper_create` (
  `id` int(11) NOT NULL AUTO_INCREMENT COMMENT '试卷生成关系表ID',
  `paper_id` int(11) NOT NULL COMMENT '试卷ID',
  `type_id` int(11) NOT NULL COMMENT '题型ID',
  `question_id` int(11) NOT NULL COMMENT '题目ID',
  `is_ok` tinyint(1) NOT NULL DEFAULT '0' COMMENT '是否有效',
  PRIMARY KEY (`id`)
) ENGINE=InnoDB AUTO_INCREMENT=155 DEFAULT CHARSET=utf8;

/*Data for the table `tb_xn_exam_paper_create` */

insert  into `tb_xn_exam_paper_create`(`id`,`paper_id`,`type_id`,`question_id`,`is_ok`) values 
(1,2,3,94,0),
(2,2,3,100,0),
(3,2,3,102,0),
(4,2,2,37,0),
(5,2,2,27,0),
(6,2,2,28,0),
(7,2,2,30,0),
(8,2,2,43,0),
(9,2,1,77,0),
(10,2,1,67,0),
(11,2,1,17,0),
(12,2,1,79,0),
(13,2,1,22,0),
(14,3,3,98,0),
(15,3,3,86,0),
(16,3,3,5,0),
(17,3,2,37,0),
(18,3,2,38,0),
(19,3,2,43,0),
(20,3,2,27,0),
(21,3,2,39,0),
(22,3,1,21,0),
(23,3,1,78,0),
(24,3,1,22,0),
(25,3,1,70,0),
(26,3,1,65,0),
(27,4,3,10,0),
(28,4,3,8,0),
(29,4,3,1,0),
(30,4,3,2,0),
(31,4,3,4,0),
(32,4,2,29,0),
(33,4,2,35,0),
(34,4,2,30,0),
(35,4,2,44,0),
(36,4,2,38,0),
(37,4,1,64,0),
(38,4,1,65,0),
(39,4,1,19,0),
(40,4,1,77,0),
(41,4,1,71,0),
(42,5,3,88,0),
(43,5,3,101,0),
(44,5,3,4,0),
(45,5,2,31,0),
(46,5,2,43,0),
(47,5,2,37,0),
(48,5,2,27,0),
(49,5,2,35,0),
(50,5,1,17,0),
(51,5,1,71,0),
(52,5,1,25,0),
(53,5,1,73,0),
(54,5,1,69,0),
(55,6,3,96,0),
(56,6,3,82,0),
(57,6,3,103,0),
(58,6,3,101,0),
(59,6,3,7,0),
(60,6,2,30,0),
(61,6,2,38,0),
(62,6,2,27,0),
(63,6,2,28,0),
(64,6,2,31,0),
(65,6,1,74,0),
(66,6,1,65,0),
(67,6,1,20,0),
(68,6,1,71,0),
(69,6,1,24,0),
(70,7,3,84,0),
(71,7,3,6,0),
(72,7,3,1,0),
(73,7,3,93,0),
(74,7,2,30,0),
(75,7,2,38,0),
(76,7,2,27,0),
(77,7,2,28,0),
(78,7,2,31,0),
(79,7,1,74,0),
(80,7,1,65,0),
(81,7,1,20,0),
(82,7,1,71,0),
(83,7,1,24,0),
(84,8,3,82,0),
(85,8,3,103,0),
(86,8,3,13,0),
(87,8,3,102,0),
(88,8,3,85,0),
(89,8,2,27,0),
(90,8,2,28,0),
(91,8,2,35,0),
(92,8,2,39,0),
(93,8,2,31,0),
(94,8,1,64,0),
(95,8,1,79,0),
(96,8,1,70,0),
(97,8,1,26,0),
(98,8,1,23,0),
(99,9,3,1,0),
(100,9,3,83,0),
(101,9,3,87,0),
(102,9,2,36,0),
(103,9,2,28,0),
(104,9,2,29,0),
(105,9,2,43,0),
(106,9,2,30,0),
(107,9,1,70,0),
(108,9,1,65,0),
(109,9,1,68,0),
(110,9,1,73,0),
(111,9,1,22,0),
(112,10,3,10,0),
(113,10,3,6,0),
(114,10,3,87,0),
(115,10,2,31,0),
(116,10,2,35,0),
(117,10,2,29,0),
(118,10,2,28,0),
(119,10,2,27,0),
(120,10,1,66,0),
(121,10,1,16,0),
(122,10,1,74,0),
(123,10,1,75,0),
(124,10,1,65,0),
(125,11,3,15,0),
(126,11,3,86,0),
(127,11,3,82,0),
(128,11,3,7,0),
(129,11,3,100,0),
(130,11,2,35,0),
(131,11,2,30,0),
(132,11,2,44,0),
(133,11,2,43,0),
(134,11,2,38,0),
(135,11,1,71,0),
(136,11,1,74,0),
(137,11,1,76,0),
(138,11,1,25,0),
(139,11,1,69,0),
(140,12,3,95,0),
(141,12,3,94,0),
(142,12,3,82,0),
(143,12,3,96,0),
(144,12,3,9,0),
(145,12,2,43,0),
(146,12,2,28,0),
(147,12,2,31,0),
(148,12,2,36,0),
(149,12,2,27,0),
(150,12,1,75,0),
(151,12,1,64,0),
(152,12,1,21,0),
(153,12,1,73,0),
(154,12,1,24,0);

/*Table structure for table `tb_xn_exam_question` */

DROP TABLE IF EXISTS `tb_xn_exam_question`;

CREATE TABLE `tb_xn_exam_question` (
  `question_id` bigint(18) NOT NULL AUTO_INCREMENT COMMENT '题目ID',
  `type_id` int(11) NOT NULL COMMENT '题型ID',
  `question_title` varchar(255) NOT NULL COMMENT '题目标题',
  `optionA` varchar(100) DEFAULT NULL COMMENT '选择A',
  `optionB` varchar(100) DEFAULT NULL COMMENT '选择B',
  `optionC` varchar(100) DEFAULT NULL COMMENT '选择C',
  `optionD` varchar(100) DEFAULT NULL COMMENT '选择D',
  `answer` varchar(500) NOT NULL COMMENT '正确答案',
  `curday` varchar(8) NOT NULL COMMENT '创建日期',
  `create_time` datetime NOT NULL COMMENT '创建时间',
  `update_time` datetime NOT NULL COMMENT '更新时间',
  `question_status` tinyint(1) NOT NULL DEFAULT '0' COMMENT '题目状态，是否可分配',
  `is_ok` tinyint(1) NOT NULL DEFAULT '0' COMMENT '是否有效',
  `remark` varchar(255) DEFAULT NULL COMMENT '备注信息',
  PRIMARY KEY (`question_id`),
  KEY `isDeleted` (`is_ok`)
) ENGINE=InnoDB AUTO_INCREMENT=104 DEFAULT CHARSET=utf8;

/*Data for the table `tb_xn_exam_question` */

insert  into `tb_xn_exam_question`(`question_id`,`type_id`,`question_title`,`optionA`,`optionB`,`optionC`,`optionD`,`answer`,`curday`,`create_time`,`update_time`,`question_status`,`is_ok`,`remark`) values 
(1,3,'String 是最基本的数据类型吗？',NULL,NULL,NULL,NULL,'不是。Java中的基本数据类型只有8个：byte、short、int、long、float、double、char、boolean；除了基本类型（primitive type），剩下的都是引用类型（reference type），Java 5以后引入的枚举类型也算是一种比较特殊的引用类型。','20180107','2018-01-07 15:54:34','2018-01-07 15:54:34',0,0,'Java开发'),
(2,3,'int和Integer有什么区别？',NULL,NULL,NULL,NULL,'Java是一个近乎纯洁的面向对象编程语言，但是为了编程的方便还是引入了基本数据类型，但是为了能够将这些基本数据类型当成对象操作，Java为每一个基本数据类型都引入了对应的包装类型（wrapper class），int的包装类就是Integer，从Java 5开始引入了自动装箱/拆箱机制，使得二者可以相互转换。','20180107','2018-01-07 15:54:34','2018-01-07 15:54:34',0,0,'Java开发'),
(3,3,'用最有效率的方法计算2乘以8？ ',NULL,NULL,NULL,NULL,' 2 << 3（左移3位相当于乘以2的3次方，右移3位相当于除以2的3次方）。','20180107','2018-01-07 15:54:34','2018-01-07 15:54:34',0,0,'Java开发'),
(4,3,'数组有没有length()方法？String有没有length()方法？ ',NULL,NULL,NULL,NULL,'数组没有length()方法，有length 的属性。String 有length()方法。JavaScript中，获得字符串的长度是通过length属性得到的，这一点容易和Java混淆。','20180107','2018-01-07 15:54:34','2018-01-07 15:54:34',0,0,'Java开发'),
(5,3,'阐述静态变量和实例变量的区别。 ',NULL,NULL,NULL,NULL,'静态变量是被static修饰符修饰的变量，也称为类变量，它属于类，不属于类的任何一个对象，一个类不管创建多少个对象，静态变量在内存中有且仅有一个拷贝；实例变量必须依存于某一实例，需要先创建对象然后通过对象才能访问到它。静态变量可以实现让多个对象共享内存。','20180107','2018-01-07 15:54:34','2018-01-07 15:54:34',0,0,'Java开发'),
(6,3,'是否可以从一个静态（static）方法内部发出对非静态（non-static）方法的调用？',NULL,NULL,NULL,NULL,'不可以，静态方法只能访问静态成员，因为非静态方法的调用要先创建对象，在调用静态方法时可能对象并没有被初始化。','20180107','2018-01-07 15:54:34','2018-01-07 15:54:34',0,0,'Java开发'),
(7,3,'Error和Exception有什么区别？',NULL,NULL,NULL,NULL,'Error表示系统级的错误和程序不必处理的异常，是恢复不是不可能但很困难的情况下的一种严重问题；比如内存溢出，不可能指望程序能处理这样的情况；Exception表示需要捕捉或者需要程序进行处理的异常，是一种设计或实现问题；也就是说，它表示如果程序运行正常，从不会发生的情况。','20180107','2018-01-07 15:54:34','2018-01-07 15:54:34',0,0,'Java开发'),
(8,3,'列出一些你常见的运行时异常？ ',NULL,NULL,NULL,NULL,'- ArithmeticException（算术异常） - ClassCastException （类转换异常） - IllegalArgumentException （非法参数异常） - IndexOutOfBoundsException （下标越界异常） - NullPointerException （空指针异常） - SecurityException （安全异常）','20180107','2018-01-07 15:54:34','2018-01-07 15:54:34',0,0,'Java开发'),
(9,3,'List、Set、Map是否继承自Collection接口？ ',NULL,NULL,NULL,NULL,'List、Set 是，Map 不是。Map是键值对映射容器，与List和Set有明显的区别，而Set存储的零散的元素且不允许有重复元素（数学中的集合也是如此），List是线性结构的容器，适用于按数值索引访问元素的情形。','20180107','2018-01-07 15:54:34','2018-01-07 15:54:34',0,0,'Java开发'),
(10,3,'Collection和Collections的区别？',NULL,NULL,NULL,NULL,'Collection是一个接口，它是Set、List等容器的父接口；Collections是个一个工具类，提供了一系列的静态方法来辅助容器操作，这些方法包括对容器的搜索、排序、线程安全化等等。','20180107','2018-01-07 15:54:34','2018-01-07 15:54:34',0,0,'Java开发'),
(11,3,'Java中如何实现序列化，有什么意义？ ','','','','','序列化就是一种用来处理对象流的机制，所谓对象流也就是将对象的内容进行流化。可以对流化后的对象进行读写操作，也可将流化后的对象传输于网络之间。序列化是为了解决对象流读写操作时可能引发的问题（如果不进行序列化可能会存在数据乱序的问题）。','20180107','2018-01-07 15:54:35','2018-01-10 14:59:37',0,0,'Java开发'),
(12,3,'JDBC能否处理Blob和Clob？',NULL,NULL,NULL,NULL,'Blob是指二进制大对象（Binary Large Object），而Clob是指大字符对象（Character Large Objec），因此其中Blob是为存储大的二进制数据而设计的，而Clob是为存储大的文本数据而设计的。','20180107','2018-01-07 15:54:35','2018-01-07 15:54:35',0,0,'Java开发'),
(13,3,'Java中是如何支持正则表达式操作的？ ',NULL,NULL,NULL,NULL,'Java中的String类提供了支持正则表达式操作的方法，包括：matches()、replaceAll()、replaceFirst()、split()。此外，Java中可以用Pattern类表示正则表达式对象，它提供了丰富的API进行各种正则表达式操作','20180107','2018-01-07 15:54:35','2018-01-07 15:54:35',0,0,'Java开发'),
(14,3,'获得一个类的类对象有哪些方式？',NULL,NULL,NULL,NULL,'- 方法1：类型.class，例如：String.class - 方法2：对象.getClass()，例如：\"hello\".getClass() - 方法3：Class.forName()，例如：Class.forName(\"java.lang.String\")','20180107','2018-01-07 15:54:35','2018-01-07 15:54:35',0,0,'Java开发'),
(15,3,'什么是UML？','','','','','UML是统一建模语言（Unified Modeling Language）的缩写，它发表于1997年，综合了当时已经存在的面向对象的建模语言、方法和过程，是一个支持模型化和软件系统开发的图形化语言，为软件开发的所有阶段提供模型化和可视化支持。','20180107','2018-01-07 15:54:35','2018-01-10 15:00:23',0,0,'数据库'),
(16,1,'下列说法正确的是 ','A.JAVA程序的main方法必须写在类里面','B.JAVA程序中可以有多个main方法','C.JAVA程序中类名必须与文件名一样','D.JAVA程序的main方法中如果只有一条语句，可以不用{}(大括号)括','A','20180107','2018-01-07 15:54:35','2018-01-10 15:00:10',0,0,'Java开发'),
(17,1,'变量命名规范说法正确的是 ','A.变量由字母、下划线、数字、$符号随意组成；','B.变量不能以数字作为开头；','C.A和a在java中是同一个变量；','D.不同类型的变量，可以起相同的名字；','B','20180107','2018-01-07 15:54:35','2018-01-07 15:54:35',0,0,'Java开发'),
(18,1,'表达式(11+3*8)/4%3的值是','A.31','B.0','C.1','D.2','D','20180107','2018-01-07 15:54:35','2018-01-07 15:54:35',0,0,'Java开发'),
(19,1,'下面有关for循环的描述正确的是','A.for循环体语句中，可以包含多条语句，但要用大括号括起来','B.for循环只能用于循环次数已经确定的情况 ','C.在for循环中，不能使用break语句跳出循环 ','D.for循环是先执行循环体语句，后进行条件判断','A','20180107','2018-01-07 15:54:35','2018-01-10 14:59:49',0,0,'Java开发'),
(20,1,'在Java中,关于构造方法，下列说法错误的是','A.构造方法的名称必须与类名相同 ','B.构造方法可以带参数','C.构造方法不可以重载','D.构造方法绝对不能有返回值','C','20180107','2018-01-07 15:54:35','2018-01-07 15:54:35',0,0,'Java开发'),
(21,1,'在Java语言中，下列关于类的继承的描述，正确的是','A.一个类可以继承多个父类','B.一个类可以具有多个子类','C.子类可以使用父类的所有方法','D.子类一定比父类有更多的成员方法','B','20180107','2018-01-07 15:54:35','2018-01-07 15:54:35',0,0,'Java开发'),
(22,1,'下列选项中关于Java中super关键字的说法正确的是 ','A.super关键字是在子类对象内部指代其父类对象的引用','B.super关键字不仅可以指代子类的直接父类，还可以指代父类的父类','C.子类通过super关键字只能调用父类的方法，而不能调用父类的属性','D.子类通过super关键字只能调用父类的属性，而不能调用父类的方法','A','20180107','2018-01-07 15:54:35','2018-01-10 14:59:29',0,0,'Java开发'),
(23,1,'下列选项中关于Java中封装的说法错误的是','A.封装就是将属性私有化，提供共有的方法访问私有属性','B.属性的访问方法包括setter方法和getter方法','C.setter方法用于赋值，getter方法用于取值','D.包含属性的类都必须封装属性，否则无法通过编译','D','20180107','2018-01-07 15:54:35','2018-01-07 15:54:35',0,0,'Java开发'),
(24,1,'分析选项中关于Java中this关键字的说法正确的是 ','A.this关键字是在对象内部指代自身的引用','B.this关键字可以在类中的任何位置使用','C.this关键字和类关联，而不是和特定的对象关联','D.同一个类的不同对象共用一个this','A','20180107','2018-01-07 15:54:35','2018-01-07 15:54:35',0,0,'Java开发'),
(25,1,'关于面向对象的说法正确的是','A.类可以让我们用程序模拟现实世界中的实体','B.有多少个实体就要创建多少个类','C.对象的行为和属性被封装在类中，外界通过调用类的方法来获得，','D.现实世界中的某些实体不能用类来描述','A','20180107','2018-01-07 15:54:35','2018-01-07 15:54:35',0,0,'Java开发'),
(26,1,'有关类的说法，正确的是','A.类具有封装性，所以类的数据是不能被访问的 ','B.类具有封装性，但可以通过类的公共接口访问类中的数据  ','C.声明一个类时，必须使用 public 修饰符 ','D.每个类中必须有 main 方法，否则程序无法运行','B','20180107','2018-01-07 15:54:35','2018-01-10 15:00:31',0,0,'Java开发'),
(27,2,'关于类的描叙正确的是','A.在类中定义的变量称为类的成员变量，在别的类中可以直接使用 ','B.局部变量的作用范围仅仅在定义它的方法内，或者是在定义它的控  ','C.使用别的类的方法仅仅需要引用方法的名字即可','D.一个类的方法使用该类的另一个方法时可以直接引用方法名','BD','20180107','2018-01-07 15:54:36','2018-01-10 14:59:10',0,0,'Java开发'),
(28,2,'下列关于字符串的描叙中错误的是 ','A.字符串是对象 ','B.String对象存储字符串的效率比StringBuffer高','C.可以使用StringBuffer sb=\"这里是字符串\"声明并初始化StringBuffer ','D.String类提供了许多用来操作字符串的方法：连接，提取，查询等','BC','20180107','2018-01-07 15:54:36','2018-01-16 10:28:58',0,0,'Java开发'),
(29,2,'下面关于数组的说法中，错误的是 ','A.在类中声明一个整数数组作为成员变量，如果没有给它赋值，数值 ','B.数组可以在内存空间连续存储任意一组数据 ','C.数组必须先声明，然后才能使用','D.数组本身是一个对象','AB','20180107','2018-01-07 15:54:36','2018-01-10 14:59:22',0,0,'Java开发'),
(30,2,'在Java中，下面对于构造函数的描述错误的是','A.类不一定要显式定义构造函数 ','B.构造函数的返回类型是void ','C.如果构造函数不带任何参数，那么构造函数的名称和类名可以不同','D.一个类可以定义多个构造函数','BC','20180107','2018-01-07 15:54:36','2018-01-10 14:59:04',0,0,'Java开发'),
(31,2,'在Java接口中，下列选项中有效的方法声明是 ','A.public void aMethod();','B. void aMethod(); ','C.protected void aMethod(); ','D.private void aMethod(); ','AB','20180107','2018-01-07 15:54:36','2018-01-09 14:48:56',0,0,'Java开发'),
(35,2,'如下哪些不是java的关键字？','A.const','B.NULL','C.false','D.this','BC','20180107','2018-01-07 15:54:31','2018-01-07 15:54:31',0,0,'Java开发'),
(36,2,'有关线程的哪些叙述是对的？','A.一旦一个线程被创建，它就立即开始运行。','B.使用start()方法可以使一个线程成为可运行的，但是它不一定立即开始运行。','C.当一个线程因为抢先机制而停止运行，它被放在可运行队列的前面。','D.一个线程可能因为不同的原因停止并进入就绪状态。','BCD','20180107','2018-01-07 15:54:31','2018-01-07 15:54:31',0,0,'Java开发'),
(37,2,'下面的哪些声明是合法的？','A.long 1 = 499 ','B.int i = 4L','C.float f =1.1','D.double d = 34.4','AD','20180107','2018-01-07 15:54:31','2018-01-07 15:54:31',0,0,'Java开发'),
(38,2,'从下列选项中选择正确的Java表达式','A.int k=new String(“aa”) ','B.String str=String(“bb”)','C.char c=74','D.long j=8888;','BCD','20180107','2018-01-07 15:54:31','2018-01-07 15:54:31',0,0,'Java开发'),
(39,2,'关于Java语言，下列描述正确的是','A.switch 不能够作用在String类型上','B.List， Set， Map都继承自Collection接口','C.Java语言支持goto语句','D.GC是垃圾收集器，程序员不用担心内存管理','AD','20180107','2018-01-07 15:54:31','2018-01-07 15:54:31',0,0,'Java开发'),
(43,2,'不能用来修饰interface的有','A．private','B．public ','C．protected ','D.static','ACD','20180107','2018-01-07 15:54:32','2018-01-07 15:54:32',0,0,'Java开发'),
(44,2,'Java网络程序设计中，下列正确的描述是 ','A.Java网络编程API建立在Socket基础之上','B.Java网络接口只支持TCP以及其上层协议 ','C.Java网络接口只支持UDP以及其上层协议','D.Java网络接口支持IP以上的所有高层协议','AD','20180107','2018-01-07 15:54:32','2018-01-07 15:54:32',0,0,'Java开发'),
(45,1,'在字节流中，可以使用文件名作为参数的类有','A.DataInputStream ','B.BufferedReader ','C.FileInputStream ','D.FileReader','C','20180107','2018-01-07 15:54:32','2018-01-07 15:54:32',0,0,'Java开发'),
(62,1,'下面有关for循环的描述正确的是','A.for循环体语句中，可以包含多条语句，但要用大括号括起来 ','B.for循环只能用于循环次数已经确定的情况','C.在for循环中，不能使用break语句跳出循环','D.for循环是先执行循环体语句，后进行条件判断 ','A','20180107','2018-01-07 15:54:33','2018-01-07 15:54:33',0,0,'Java开发'),
(63,1,'在java中下列关于自动类型转换说法正确的是','A.基本数据类型和String相加结果一定是字符串型 ','B.char类型和int类型相加结果一定是字符 ','C. double类型可以自动转换为int ','D.char + int + double +\"\" 结果一定是double','A','20180107','2018-01-07 15:54:34','2018-01-07 15:54:34',0,0,'Java开发'),
(64,1,'文档标签@exception 在文档注释中的格式一般是','A.@exception 类名 描述 ','B.@exception 异常描述  ','C.@exception 异常变量名 描述  ','D.不存在文档标签@exception','A','20180107','2018-01-07 15:54:33','2018-01-07 15:54:33',0,0,'Java开发'),
(65,1,'下面关于内部类的说法，错误的是','A.除 static 内部类外，不能在类内声明 static 成员  ','B.内部类可用 abstract 修饰定义为抽象类，也可以用 private 或 protected','C.内部类可作为其他类的成员，而且可访问它所在类的成员  ','D.内部类不能有自己的成员方法和成员变量','D','20180107','2018-01-07 15:54:34','2018-01-07 15:54:34',0,0,'Java开发'),
(66,1,'设有定义：String s=“World”,下列语句错误的是','A.int m=s.indexOf(‘r’)','B.char c=s.charAt(0)  ','C.int n=s.length()  ',' D.String str=s.append(‘2’)','D','20180107','2018-01-07 15:54:34','2018-01-07 15:54:34',0,0,'Java开发'),
(67,1,'作为 Java 应用程序入口的 main 方法，其声明格式可以是','A.public static void main(String[] args)  ','B.public static int main(String[] args)  ','C.public void main(String[] args) ','D.public int main(String[] args) ','A','20180107','2018-01-07 15:54:34','2018-01-07 15:54:34',0,0,'Java开发'),
(68,1,'关于事件监听，正确的是','A.一个事件监听器只能监听一个组件 ','B.一个事件监听器只能监听处理一种事件 ','C.一个组件可以注册多个事件监听器，一个事件监听器也可以注册到多个',' D.一个组件只能引发一种事件  ','C','20180107','2018-01-07 15:54:34','2018-01-07 15:54:34',0,0,'Java开发'),
(69,1,'下面关于多态性的说法，正确的是','A.一个类中不能有同名的方法 ','B.子类中不能有和父类中同名的方法  ','C.子类中可以有和父类中同名且参数相同的方法','D.多态性就是方法的名字可以一样，但返回的类型必须不一样','C','20180107','2018-01-07 15:54:34','2018-01-07 15:54:34',0,0,'Java开发'),
(70,1,'当Oracle服务器启动时，下列哪种文件不是必须的',' A．数据文件','B．控制文件','C．日志文件 ','D．归档日志文件','D','20180107','2018-01-07 15:54:31','2018-01-07 15:54:31',0,0,'Java开发'),
(71,1,'在Oracle中，当用户要执行SELECT语句时，下列哪个进程从磁盘获得用户需要的数据','A．用户进程 ','B．服务器进程 ','C．日志写入进程','D．检查点进程（CKPT）','B','20180107','2018-01-07 15:54:32','2018-01-07 15:54:32',0,0,'Java开发'),
(72,1,'在以下用户中，哪个用户不能删除？',' A．一个与数据库连接的用户','B．一个没有任何模式对象的用户','C．一个带有只读表的用户 ','D．在任何时间可以删除所有用户','A','20180107','2018-01-07 15:54:32','2018-01-07 15:54:32',0,0,'Java开发'),
(73,1,'当查询数据字典DBA_USERS时，这个数据字典将显示什么信息？','A．所有用户的表空间份额（quote）','B．当前用户的表空间份额',' C．数据库用户被创建的日期','D．当前用户在一个表空间上是否具有无限的份额','A','20180107','2018-01-07 15:54:32','2018-01-07 15:54:32',0,0,'Java开发'),
(74,1,'要显示概要文件DOG_PROJECT的资源限制信息，请问应该查询如下哪一个数据字典？','A．DBA_USERS','B．DBA_TABLES ','C．DBA_OBJECTS','D．DBA_PROFILES','D','20180107','2018-01-07 15:54:32','2018-01-07 15:54:32',0,0,'Java开发'),
(75,1,'在以下的数据字典的视图中，将查询哪一个以显示每个用户所使用的磁盘空间？',' A．ALL_USERS','B．DBA_USERS ','C．USER_USERS','D．DBA_TS_USERS','D','20180107','2018-01-07 15:54:32','2018-01-07 15:54:32',0,0,'Java开发'),
(76,1,'在Oracle中，下面哪条语句当COMM字段为空时显示0，不为空时显示COMM的值','A．SELECT？ename,？NVL(comm,？0)？FROM？emp;？','B．SELECT？ename,？NULL(comm,？0)？FROM？emp;？','C．SELECT？ename,？NULLIF(comm,？0)？FROM？emp;？','D．SELECT？ename,？DECODE(comm,？NULL,？0)？FROM？emp;？','A','20180107','2018-01-07 15:54:32','2018-01-07 15:54:32',0,0,'Java开发'),
(77,1,'在Oracle中，下面用于限制分组函数的返回值的子句是','A．WHERE','B．HAVING','C．ORDER BY','D．无法限定分组函数的返回值 ','B','20180107','2018-01-07 15:54:32','2018-01-07 15:54:32',0,0,'Java开发'),
(78,1,'在Oracle中，有一个名为seq的序列对象，以下语句能返回序列值但不会引起序列值增加的是','A．select seq.ROWNUM from dual','B．select seq.ROWID from dual','C．select seq.CURRVAL from dual','D．select seq.NEXTVAL from dual','C','20180107','2018-01-07 15:54:33','2018-01-07 15:54:33',0,0,'Java开发'),
(79,1,'如果要创建一个名为WUDA的数据库，则需要什么？','A．一个控制文件','B．系统（SYSTEM）表空间','C．WUDA数据库中的一个用户名','D．一个具有所需全部权限的合法账户','D','20180107','2018-01-07 15:54:32','2018-01-07 15:54:32',0,0,'Java开发'),
(80,1,'看SQL语句“SELECT name,status FROM v$controlfile;”这一语句将显示以下哪个结果？','A．显示MAXDATAFILE的值','B．确定最后一个检查点所发生的时间','C．显示所有数据文件的名字和状态','D．显示所有控制文件的个数、名字、状态和位置','D','20180107','2018-01-07 15:54:33','2018-01-07 15:54:33',0,0,'Java开发'),
(81,3,'JDK和JRE的区别是什么？',NULL,NULL,NULL,NULL,'Java运行时环境(JRE)是将要执行Java程序的Java虚拟机。它同时也包含了执行applet需要的浏览器插件。Java开发工具包(JDK)是完整的Java软件开发包，包含了JRE，编译器和其他的工具(比如：JavaDoc，Java调试器)，可以让开发者开发、编译、执行Java应用程序。','20180107','2018-01-07 15:54:32','2018-01-07 15:54:32',0,0,'Java开发'),
(82,3,'”static”关键字是什么意思？Java中是否可以覆盖(override)一个private或者是static的方法？',NULL,NULL,NULL,NULL,'“static”关键字表明一个成员变量或者是成员方法可以在没有所属的类的实例变量的情况下被访问。Java中static方法不能被覆盖，因为方法覆盖是基于运行时动态绑定的，而static方法是编译时静态绑定的。static方法跟类的任何实例都不相关，所以概念上不适用。','20180107','2018-01-07 15:54:34','2018-01-07 15:54:34',0,0,'Java开发'),
(83,3,'Java中的方法覆盖(Overriding)和方法重载(Overloading)是什么意思？',NULL,NULL,NULL,NULL,'Java中的方法重载发生在同一个类里面两个或者是多个方法的方法名相同但是参数不同的情况。与此相对，方法覆盖是说子类重新定义了父类的方法。方法覆盖必须有相同的方法名，参数列表和返回类型。覆盖者可能不会限制它所覆盖的方法的访问。','20180107','2018-01-07 15:54:33','2018-01-07 15:54:33',0,0,'Java开发'),
(84,3,'什么是值传递和引用传递？',NULL,NULL,NULL,NULL,'对象被值传递，意味着传递了对象的一个副本。因此，就算是改变了对象副本，也不会影响源对象的值。对象被引用传递，意味着传递的并不是实际的对象，而是对象的引用。因此，外部对引用对象所做的改变会反映到所有的对象上。','20180107','2018-01-07 15:54:33','2018-01-07 15:54:33',0,0,'Java开发'),
(85,3,'进程和线程的区别是什么？',NULL,NULL,NULL,NULL,'进程是执行着的应用程序，而线程是进程内部的一个执行序列。一个进程可以有多个线程。线程又叫做轻量级进程。','20180107','2018-01-07 15:54:33','2018-01-07 15:54:33',0,0,'Java开发'),
(86,3,'同步方法和同步代码块的区别是什么？',NULL,NULL,NULL,NULL,'在Java语言中，每一个对象有一把锁。线程可以使用synchronized关键字来获取对象上的锁。synchronized关键字可应用在方法级别(粗粒度锁)或者是代码块级别(细粒度锁)。','20180107','2018-01-07 15:54:32','2018-01-07 15:54:32',0,0,'Java开发'),
(87,3,'在监视器(Monitor)内部，是如何做线程同步的？程序应该做哪种级别的同步？',NULL,NULL,NULL,NULL,'监视器和锁在Java虚拟机中是一块使用的。监视器监视一块同步代码块，确保一次只有一个线程执行同步代码块。每一个监视器都和一个对象引用相关联。线程在获取锁之前不允许执行同步代码。','20180107','2018-01-07 15:54:33','2018-01-07 15:54:33',0,0,'Java开发'),
(88,3,'为什么集合类没有实现Cloneable和Serializable接口？',NULL,NULL,NULL,NULL,'克隆(cloning)或者是序列化(serialization)的语义和含义是跟具体的实现相关的。因此，应该由集合类的具体实现来决定如何被克隆或者是序列化。','20180107','2018-01-07 15:54:32','2018-01-07 15:54:32',0,0,'Java开发'),
(90,3,'hashCode()和equals()方法的重要性体现在什么地方？',NULL,NULL,NULL,NULL,'Java中的HashMap使用hashCode()和equals()方法来确定键值对的索引，当根据键获取值的时候也会用到这两个方法。如果没有正确的实现这两个方法，两个不同的键可能会有相同的hash值，因此，可能会被集合认为是相等的。而且，这两个方法也用来发现重复元素。所以这两个方法的实现对HashMap的精确性和正确性是至关重要的。','20180107','2018-01-07 15:54:33','2018-01-07 15:54:33',0,0,'Java开发'),
(93,3,'Comparable和Comparator接口是干什么的？列出它们的区别。',NULL,NULL,NULL,NULL,'Java提供了只包含一个compareTo()方法的Comparable接口。这个方法可以个给两个对象排序。具体来说，它返回负数，0，正数来表明输入对象小于，等于，大于已经存在的对象。','20180107','2018-01-07 15:54:32','2018-01-07 15:54:32',0,0,'Java开发'),
(94,3,'HashSet和TreeSet有什么区别？',NULL,NULL,NULL,NULL,'HashSet是由一个hash表来实现的，因此，它的元素是无序的。add()，remove()，contains()方法的时间复杂度是O(1)。另一方面，TreeSet是由一个树形的结构来实现的，它里面的元素是有序的。因此，add()，remove()，contains()方法的时间复杂度是O(logn)。','20180107','2018-01-07 15:54:33','2018-01-07 15:54:33',0,0,'Java开发'),
(95,3,'Java中垃圾回收有什么目的？什么时候进行垃圾回收？',NULL,NULL,NULL,NULL,'垃圾回收的目的是识别并且丢弃应用不再使用的对象来释放和重用资源。','20180107','2018-01-07 15:54:32','2018-01-07 15:54:32',0,0,'Java开发'),
(96,3,'finalize()方法什么时候被调用？析构函数(finalization)的目的是什么？',NULL,NULL,NULL,NULL,'在释放对象占用的内存之前，垃圾收集器会调用对象的finalize()方法。一般建议在该方法中释放对象持有的资源。','20180107','2018-01-07 15:54:33','2018-01-07 15:54:33',0,0,'Java开发'),
(98,3,'Java中的两种异常类型是什么？他们有什么区别？',NULL,NULL,NULL,NULL,'Java中有两种异常：受检查的(checked)异常和不受检查的(unchecked)异常。不受检查的异常不需要在方法或者是构造函数上声明，就算方法或者是构造函数的执行可能会抛出这样的异常，并且不受检查的异常可以传播到方法或者是构造函数的外面。相反，受检查的异常必须要用throws语句在方法或者是构造函数上声明。','20180107','2018-01-07 15:54:33','2018-01-07 15:54:33',0,0,'Java开发'),
(99,3,'Java中Exception和Error有什么区别？',NULL,NULL,NULL,NULL,'Exception和Error都是Throwable的子类。Exception用于用户程序可以捕获的异常情况。Error定义了不期望被用户程序捕获的异常。','20180107','2018-01-07 15:54:33','2018-01-07 15:54:33',0,0,'Java开发'),
(100,3,'throw和throws有什么区别？',NULL,NULL,NULL,NULL,'throw关键字用来在程序中明确的抛出异常，相反，throws语句用来表明方法不能处理的异常。每一个方法都必须要指定哪些异常不能处理，所以方法的调用者才能够确保处理可能发生的异常，多个异常是用逗号分隔的。','20180107','2018-01-07 15:54:32','2018-01-07 15:54:32',0,0,'Java开发'),
(101,3,'异常处理的时候，finally代码块的重要性是什么？',NULL,NULL,NULL,NULL,'无论是否抛出异常，finally代码块总是会被执行。就算是没有catch语句同时又抛出异常的情况下，finally代码块仍然会被执行。最后要说的是，finally代码块主要用来释放资源，比如：I/O缓冲区，数据库连接。','20180107','2018-01-07 15:54:33','2018-01-07 15:54:33',0,0,'Java开发'),
(102,3,'finally代码块和finalize()方法有什么区别？',NULL,NULL,NULL,NULL,'无论是否抛出异常，finally代码块都会执行，它主要是用来释放应用占用的资源。finalize()方法是Object类的一个protected方法，它是在对象被垃圾回收之前由Java虚拟机来调用的。','20180107','2018-01-07 15:54:33','2018-01-07 15:54:33',0,0,'Java开发'),
(103,3,'Applet和普通的Java应用程序有什么区别？',NULL,NULL,NULL,NULL,'applet是运行在启用了java的浏览器中，Java应用程序是可以在浏览器之外运行的独立的Java程序。但是，它们都需要有Java虚拟机。进一步来说，Java应用程序需要一个有特定方法签名的main函数来开始执行。Java applet不需要这样的函数来开始执行。','20180107','2018-01-07 15:54:33','2018-01-07 15:54:33',0,0,'Java开发');

/*Table structure for table `tb_xn_exam_score` */

DROP TABLE IF EXISTS `tb_xn_exam_score`;

CREATE TABLE `tb_xn_exam_score` (
  `score_id` int(11) NOT NULL AUTO_INCREMENT COMMENT '成绩ID',
  `exam_paper_id` int(11) NOT NULL COMMENT '考试用户ID',
  `paper_id` int(11) NOT NULL COMMENT '试卷ID',
  `single_score` tinyint(4) NOT NULL COMMENT '单选题分数',
  `multiple_score` tinyint(4) NOT NULL COMMENT '多选题分数',
  `brief_score` tinyint(4) NOT NULL DEFAULT '0' COMMENT '简答题分数',
  `curday` varchar(8) NOT NULL COMMENT '创建日期',
  `submit_time` datetime NOT NULL COMMENT '交卷时间,即创建时间',
  `paper_status` tinyint(1) NOT NULL DEFAULT '0' COMMENT '试卷状态，0代表未考，1代表已考，2代表已批阅',
  `is_ok` tinyint(1) NOT NULL DEFAULT '0' COMMENT '是否有效',
  PRIMARY KEY (`score_id`)
) ENGINE=InnoDB AUTO_INCREMENT=13 DEFAULT CHARSET=utf8;

/*Data for the table `tb_xn_exam_score` */

insert  into `tb_xn_exam_score`(`score_id`,`exam_paper_id`,`paper_id`,`single_score`,`multiple_score`,`brief_score`,`curday`,`submit_time`,`paper_status`,`is_ok`) values 
(1,1,8,0,0,25,'20180118','2018-01-18 16:41:32',2,0),
(2,1,3,10,8,0,'20180118','2018-01-18 16:48:51',1,0),
(3,11,6,6,8,0,'20180118','2018-01-18 17:56:06',1,0),
(4,11,8,6,0,25,'20180118','2018-01-18 18:07:23',2,0),
(5,1,6,0,0,0,'20180119','2018-01-19 09:25:51',1,0),
(6,11,7,6,8,18,'20180119','2018-01-19 13:04:37',2,0),
(7,1,10,12,12,11,'20180125','2018-01-25 15:04:05',2,0),
(8,11,10,12,6,13,'20180125','2018-01-25 15:58:58',2,0),
(9,14,10,6,6,0,'20180125','2018-01-25 16:12:22',1,0),
(10,12,10,0,6,0,'20180125','2018-01-25 18:22:15',1,0),
(11,1,11,0,12,0,'20180129','2018-01-29 16:05:16',1,0),
(12,1,12,12,8,0,'20180421','2018-04-21 22:04:55',1,0);

/*Table structure for table `tb_xn_exam_solution` */

DROP TABLE IF EXISTS `tb_xn_exam_solution`;

CREATE TABLE `tb_xn_exam_solution` (
  `id` int(11) NOT NULL AUTO_INCREMENT COMMENT '用户答题关系表主键ID',
  `paper_id` int(11) NOT NULL COMMENT '试卷ID',
  `user_id` int(11) NOT NULL COMMENT '用户ID',
  `question_id` int(11) NOT NULL COMMENT '题目ID',
  `user_solution` varchar(500) NOT NULL COMMENT '用户答案',
  `is_ok` tinyint(1) NOT NULL DEFAULT '0' COMMENT '是否有效',
  PRIMARY KEY (`id`)
) ENGINE=InnoDB AUTO_INCREMENT=199 DEFAULT CHARSET=utf8;

/*Data for the table `tb_xn_exam_solution` */

insert  into `tb_xn_exam_solution`(`id`,`paper_id`,`user_id`,`question_id`,`user_solution`,`is_ok`) values 
(1,8,1,26,'A',0),
(2,8,1,79,'B',0),
(3,8,1,23,'B',0),
(4,8,1,70,'C',0),
(5,8,1,64,'D',0),
(6,8,1,31,'C',0),
(7,8,1,35,'D',0),
(8,8,1,27,'C',0),
(9,8,1,39,'C',0),
(10,8,1,28,'D',0),
(11,8,1,102,'fadfafdasfasdf',0),
(12,8,1,103,'fdasfasdf',0),
(13,8,1,85,'vsdgfvdasfgad',0),
(14,8,1,13,'ghdfsgsdfgsd',0),
(15,8,1,82,'gsdfgdsfg',0),
(16,3,1,65,'C',0),
(17,3,1,22,'D',0),
(18,3,1,21,'D',0),
(19,3,1,70,'D',0),
(20,3,1,78,'B',0),
(21,3,1,43,'BC',0),
(22,3,1,37,'BC',0),
(23,3,1,27,'BD',0),
(24,3,1,38,'BC',0),
(25,3,1,39,'AB',0),
(26,3,1,86,'合法化覅大红四方',0),
(27,3,1,5,'发送到发斯蒂芬',0),
(28,3,1,98,'发送到发送到',0),
(29,6,11,24,'A',0),
(30,6,11,20,'B',0),
(31,6,11,74,'B',0),
(32,6,11,71,'A',0),
(33,6,11,65,'B',0),
(34,6,11,30,'CD',0),
(35,6,11,28,'BC',0),
(36,6,11,38,'AD',0),
(37,6,11,31,'BD',0),
(38,6,11,27,'BC',0),
(39,6,11,101,'公司大股东发生过',0),
(40,6,11,82,'个地方官的方式发给',0),
(41,6,11,7,'好的规范化的股份',0),
(42,6,11,103,'好地方更好地规范',0),
(43,6,11,96,'好地方更好地规范',0),
(44,8,11,23,'C',0),
(45,8,11,70,'B',0),
(46,8,11,64,'C',0),
(47,8,11,26,'B',0),
(48,8,11,79,'C',0),
(49,8,11,27,'AD',0),
(50,8,11,39,'CD',0),
(51,8,11,28,'AC',0),
(52,8,11,31,'AD',0),
(53,8,11,35,'BD',0),
(54,8,11,102,'和规范化股份的活动',0),
(55,8,11,103,'好的发挥的股份',0),
(56,8,11,85,'的恢复规划的法规',0),
(57,8,11,13,'好的风格和地方',0),
(58,8,11,82,'的功夫好地方',0),
(74,6,1,24,'C',0),
(75,6,1,20,'D',0),
(76,6,1,74,'B',0),
(77,6,1,71,'C',0),
(78,6,1,65,'B',0),
(79,6,1,30,'BD',0),
(80,6,1,28,'ABC',0),
(81,6,1,38,'BD',0),
(82,6,1,31,'AD',0),
(83,6,1,27,'ABCD',0),
(84,6,1,101,'结果合法化的股份的活动官方',0),
(85,6,1,82,'回复的活动官方回复',0),
(86,6,1,7,'很过分的活动规范化',0),
(87,6,1,103,'好的规范化的股份',0),
(88,6,1,96,'好的功夫和梵蒂冈',0),
(103,7,11,71,'C',0),
(104,7,11,65,'B',0),
(105,7,11,24,'C',0),
(106,7,11,20,'B',0),
(107,7,11,74,'D',0),
(108,7,11,38,'BC',0),
(109,7,11,31,'BCD',0),
(110,7,11,27,'BCD',0),
(111,7,11,30,'BC',0),
(112,7,11,28,'ABC',0),
(113,7,11,93,'伙食费和对方过后',0),
(114,7,11,6,'格式的分公司答复',0),
(115,7,11,1,'换个地方沪电股份',0),
(116,7,11,84,'还是更舒服',0),
(117,10,1,65,'B',0),
(118,10,1,74,'C',0),
(119,10,1,66,'D',0),
(120,10,1,75,'D',0),
(121,10,1,16,'C',0),
(122,10,1,29,'AD',0),
(123,10,1,31,'BC',0),
(124,10,1,28,'BC',0),
(125,10,1,35,'BC',0),
(126,10,1,27,'ABD',0),
(127,10,1,6,'fsgdfsgs大锅饭打发',0),
(128,10,1,87,'的发送给对方是个',0),
(129,10,1,10,'第三方公司的风格',0),
(130,10,11,65,'D',0),
(131,10,11,74,'C',0),
(132,10,11,66,'D',0),
(133,10,11,75,'C',0),
(134,10,11,16,'D',0),
(135,10,11,28,'BD',0),
(136,10,11,35,'AD',0),
(137,10,11,27,'BD',0),
(138,10,11,29,'BC',0),
(139,10,11,31,'ABD',0),
(140,10,11,6,'和规范化的功夫好地方',0),
(141,10,11,87,'的规范化的规范化',0),
(142,10,11,10,'好的功夫好地方规划',0),
(143,10,14,65,'B',0),
(144,10,14,74,'B',0),
(145,10,14,66,'A',0),
(146,10,14,75,'D',0),
(147,10,14,16,'C',0),
(148,10,14,28,'AD',0),
(149,10,14,35,'BC',0),
(150,10,14,27,'CD',0),
(151,10,14,29,'ABD',0),
(152,10,14,31,'BD',0),
(153,10,14,6,'gfsgfsdgs',0),
(154,10,14,87,'股份的施工方',0),
(155,10,14,10,'个的发送给对方是个',0),
(156,10,12,75,'B',0),
(157,10,12,16,'D',0),
(158,10,12,65,'C',0),
(159,10,12,74,'B',0),
(160,10,12,66,'B',0),
(161,10,12,35,'BC',0),
(162,10,12,27,'BCD',0),
(163,10,12,29,'BCD',0),
(164,10,12,31,'ACD',0),
(165,10,12,28,'BCD',0),
(166,10,12,87,'hsfhgfsg发顺丰',0),
(167,10,12,10,'的施工方的发生过',0),
(168,10,12,6,'广东佛山格式的',0),
(169,11,1,69,'A',0),
(170,11,1,76,'B',0),
(171,11,1,71,'C',0),
(172,11,1,25,'D',0),
(173,11,1,74,'B',0),
(174,11,1,44,'AD',0),
(175,11,1,35,'BC',0),
(176,11,1,43,'BD',0),
(177,11,1,30,'AD',0),
(178,11,1,38,'BD',0),
(179,11,1,7,'fdasfasdf',0),
(180,11,1,86,'gsdfgdfsg',0),
(181,11,1,100,'gdfsgdfs',0),
(182,11,1,82,'噶的说法噶地方',0),
(183,11,1,15,'格式的分公司',0),
(184,12,1,24,'A',0),
(185,12,1,21,'B',0),
(186,12,1,75,'A',0),
(187,12,1,73,'B',0),
(188,12,1,64,'C',0),
(189,12,1,36,'BC',0),
(190,12,1,28,'CD',0),
(191,12,1,27,'BD',0),
(192,12,1,31,'BC',0),
(193,12,1,43,'AD',0),
(194,12,1,9,'fadsfa',0),
(195,12,1,82,'afdsf',0),
(196,12,1,95,'fasdf',0),
(197,12,1,96,'fasdf',0),
(198,12,1,94,'adfs',0);

/*Table structure for table `tb_xn_exam_type` */

DROP TABLE IF EXISTS `tb_xn_exam_type`;

CREATE TABLE `tb_xn_exam_type` (
  `type_id` int(11) NOT NULL AUTO_INCREMENT COMMENT '题型ID',
  `type_name` varchar(20) NOT NULL COMMENT '题型名',
  `create_time` datetime NOT NULL COMMENT '创建时间',
  `update_time` datetime NOT NULL COMMENT '修改时间',
  `is_ok` tinyint(1) NOT NULL DEFAULT '0' COMMENT '是否有效',
  `remark` varchar(20) DEFAULT NULL COMMENT '备注信息',
  PRIMARY KEY (`type_id`),
  KEY `is_ok` (`is_ok`)
) ENGINE=InnoDB AUTO_INCREMENT=4 DEFAULT CHARSET=utf8;

/*Data for the table `tb_xn_exam_type` */

insert  into `tb_xn_exam_type`(`type_id`,`type_name`,`create_time`,`update_time`,`is_ok`,`remark`) values 
(1,'单选题','2018-01-07 15:37:42','2018-01-07 15:37:45',0,'单选题'),
(2,'多选题','2018-01-07 15:38:13','2018-01-07 15:38:15',0,'多选题'),
(3,'简答题','2018-01-07 15:38:28','2018-01-07 15:38:31',0,'简答题');

/*Table structure for table `tb_xn_sys_log` */

DROP TABLE IF EXISTS `tb_xn_sys_log`;

CREATE TABLE `tb_xn_sys_log` (
  `log_id` varchar(50) NOT NULL COMMENT '主键ID(UUID)',
  `user_id` int(11) NOT NULL COMMENT '请求人ID',
  `request_ip` varchar(100) NOT NULL COMMENT '请求IP',
  `request_method` varchar(255) NOT NULL COMMENT '请求方法名',
  `request_class` varchar(255) NOT NULL COMMENT '请求类',
  `curday` varchar(8) NOT NULL COMMENT '创建日期',
  `create_time` datetime NOT NULL COMMENT '创建时间',
  `is_ok` tinyint(1) NOT NULL DEFAULT '0' COMMENT '是否有效',
  PRIMARY KEY (`log_id`)
) ENGINE=InnoDB DEFAULT CHARSET=utf8;

/*Data for the table `tb_xn_sys_log` */

insert  into `tb_xn_sys_log`(`log_id`,`user_id`,`request_ip`,`request_method`,`request_class`,`curday`,`create_time`,`is_ok`) values 
('009a18f2fd5b496ebfed232f806790fe',1,'0:0:0:0:0:0:0:1','findAll','UserServiceImpl','20180207','2018-02-07 16:08:13',0),
('02deeee70d6b43d59f7720c3ed6f4633',1,'0:0:0:0:0:0:0:1','pagePersonalList','AccountTypeServiceImpl','20180415','2018-04-15 18:02:39',0),
('03361fb0799b4d2e920443484b2d486a',1,'0:0:0:0:0:0:0:1','findAll','RoleServiceImpl','20180415','2018-04-15 18:09:38',0),
('050b151e7ff14a50a4a019b02e90ec51',1,'0:0:0:0:0:0:0:1','pageList','MoneyServiceImpl','20180415','2018-04-15 18:26:59',0),
('061cee133fe64f19ab17f8bdb169fae8',1,'0:0:0:0:0:0:0:1','pageList','UserServiceImpl','20180415','2018-04-15 18:17:51',0),
('064fc34d77754beca91c04f74278f2fb',1,'0:0:0:0:0:0:0:1','pageList','PaperClientServiceImpl','20180421','2018-04-21 22:03:14',0),
('074313b933c843d781f18c2e34c9cfcb',1,'0:0:0:0:0:0:0:1','findAll','UserServiceImpl','20180207','2018-02-07 16:11:19',0),
('0904960920ce40bb8ae390690f4e03d8',1,'0:0:0:0:0:0:0:1','findAll','RoleServiceImpl','20180415','2018-04-15 18:18:40',0),
('09220adfc4964bd286e88b5f4586f191',1,'0:0:0:0:0:0:0:1','pageList','ScoreServiceImpl','20180421','2018-04-21 22:05:01',0),
('0963e0eda39e4e93baf085b54846385c',1,'0:0:0:0:0:0:0:1','findChildType','AccountTypeServiceImpl','20180207','2018-02-07 16:11:04',0),
('0b1dc27ab2da4b398db67feba28409d2',1,'0:0:0:0:0:0:0:1','findAll','RoleServiceImpl','20180207','2018-02-07 16:12:00',0),
('0c3137137c3344c0ac14ace977bf36af',1,'0:0:0:0:0:0:0:1','pageList','UserServiceImpl','20180415','2018-04-15 18:07:32',0),
('0cc0de4ffbfe47f4871035a4f928e7b3',1,'0:0:0:0:0:0:0:1','findAll','RoleServiceImpl','20180416','2018-04-16 17:59:49',0),
('0ceec42a472f4802bee91f50f57f36b0',1,'0:0:0:0:0:0:0:1','pageList','UserServiceImpl','20180415','2018-04-15 18:12:12',0),
('0d5f1b9f95f04cc8b4f5ddfef86cee43',1,'0:0:0:0:0:0:0:1','findById','RoleServiceImpl','20180415','2018-04-15 18:09:48',0),
('0d63f5084dfb4590aaf58d5b3512bb56',1,'0:0:0:0:0:0:0:1','findAll','RoleServiceImpl','20180415','2018-04-15 18:18:07',0),
('0d910907e0c8483ca03e1e58968f98ae',1,'0:0:0:0:0:0:0:1','findAnswerByPaperIdAndUserId','QuestionServiceImpl','20180421','2018-04-21 22:05:10',0),
('0eed2ec03ac84b3287c7953f4df3cb27',1,'0:0:0:0:0:0:0:1','pageList','LogServiceImpl','20180207','2018-02-07 16:08:43',0),
('0f7e1c76487f41f588717230b1e3a1b6',1,'0:0:0:0:0:0:0:1','pageList','UserServiceImpl','20180207','2018-02-07 16:13:50',0),
('0fafb03921454e5c96df3266a280e0d5',1,'0:0:0:0:0:0:0:1','findAll','UserServiceImpl','20180421','2018-04-21 22:03:27',0),
('10f468bed4414653a7be4fe7519cd9ee',1,'0:0:0:0:0:0:0:1','findAll','UserServiceImpl','20180415','2018-04-15 18:26:05',0),
('119612d1def6405ab5cfd0b70cef9927',1,'0:0:0:0:0:0:0:1','update','UserServiceImpl','20180207','2018-02-07 16:14:39',0),
('11d52dda947c47be90cbda50b92bd1ae',1,'0:0:0:0:0:0:0:1','pageList','LogServiceImpl','20180207','2018-02-07 16:08:13',0),
('1278176bbee042e2a738d20539baa1c2',1,'0:0:0:0:0:0:0:1','findScoreByPaperId','PaperServiceImpl','20180421','2018-04-21 22:05:10',0),
('12f26f829a6d4a57a0c1a31458db13ac',1,'0:0:0:0:0:0:0:1','findModuleByLevel','ModuleServiceImpl','20180415','2018-04-15 18:09:31',0),
('136e356db74c4e29980e6823c51d7415',1,'0:0:0:0:0:0:0:1','findModuleByLevel','ModuleServiceImpl','20180421','2018-04-21 22:02:05',0),
('1374ad5fa7194254a80c3821df138e65',1,'0:0:0:0:0:0:0:1','pageAll','RoleServiceImpl','20180416','2018-04-16 17:59:00',0),
('1386055868674b5c9fab6cd6d92c8d81',1,'0:0:0:0:0:0:0:1','update','RoleServiceImpl','20180421','2018-04-21 22:02:14',0),
('14b9a2113e3a40e19a8678fb40d64fe0',1,'0:0:0:0:0:0:0:1','findModuleByLevel','ModuleServiceImpl','20180415','2018-04-15 18:22:12',0),
('14d64e4c88c344f5b662f8805caa74eb',1,'0:0:0:0:0:0:0:1','pageList','UserServiceImpl','20180415','2018-04-15 18:17:36',0),
('1622ab2ae9234a86b20de956328bfae2',1,'0:0:0:0:0:0:0:1','findAll','UserServiceImpl','20180416','2018-04-16 18:03:42',0),
('1681fefddd2a4beba2e8e87f7d05be8d',1,'0:0:0:0:0:0:0:1','findModuleByLevel','ModuleServiceImpl','20180415','2018-04-15 18:09:42',0),
('168b8823a5a14f34b9460082b1ba10c6',1,'0:0:0:0:0:0:0:1','findModuleByLevel','ModuleServiceImpl','20180415','2018-04-15 18:22:12',0),
('173cc0a462cd4e2d9fe85e483d0fd5e6',1,'0:0:0:0:0:0:0:1','pageList','UserServiceImpl','20180207','2018-02-07 16:14:51',0),
('192aaf7b572948a4ad40b4604a166cfd',1,'0:0:0:0:0:0:0:1','findAll','RoleServiceImpl','20180207','2018-02-07 16:13:36',0),
('1e3a530bdc114f3186c3f40261488c69',1,'0:0:0:0:0:0:0:1','pageList','UserServiceImpl','20180207','2018-02-07 16:06:29',0),
('1e52482107d24d96a7e50815571f64b7',1,'0:0:0:0:0:0:0:1','findModuleByLevel','ModuleServiceImpl','20180416','2018-04-16 18:00:28',0),
('1f76a6599a564afcb60130dace30986e',1,'0:0:0:0:0:0:0:1','findById','UserServiceImpl','20180207','2018-02-07 16:13:39',0),
('1fe6471ac6cd46ffbb7d7606b017f61d',1,'0:0:0:0:0:0:0:1','findAll','RoleServiceImpl','20180415','2018-04-15 18:12:44',0),
('20588f6c6d8c4b838b0048606f741ccb',1,'0:0:0:0:0:0:0:1','pageList','UserServiceImpl','20180207','2018-02-07 16:13:57',0),
('20b25dc468b74739b5b40b3dd35b9819',1,'0:0:0:0:0:0:0:1','findAll','UserServiceImpl','20180207','2018-02-07 16:10:47',0),
('20ea8501f4a84aebaf821004ab1ad995',1,'0:0:0:0:0:0:0:1','findAll','RoleServiceImpl','20180415','2018-04-15 18:17:06',0),
('21c3cbd09d2441a89e61d321de4d550d',1,'0:0:0:0:0:0:0:1','update','RoleServiceImpl','20180416','2018-04-16 17:58:30',0),
('2236997606ac49ec8b0687ecd7bbe31b',1,'0:0:0:0:0:0:0:1','findAll','UserServiceImpl','20180421','2018-04-21 22:04:55',0),
('234cda2486014c6c91043b9b561f698b',1,'0:0:0:0:0:0:0:1','findAll','RoleServiceImpl','20180207','2018-02-07 16:14:32',0),
('24423527833b495baa8a540666abc46a',1,'0:0:0:0:0:0:0:1','findAll','RoleServiceImpl','20180207','2018-02-07 16:13:50',0),
('24e014c2927348cea0034a94af3c6bb2',1,'0:0:0:0:0:0:0:1','pageList','MoneyServiceImpl','20180416','2018-04-16 18:04:13',0),
('24f221d0f4b24e62b7e617f5a2601147',1,'0:0:0:0:0:0:0:1','findAll','RoleServiceImpl','20180415','2018-04-15 18:16:27',0),
('27f48281f1e24737837821b724f34bcf',1,'0:0:0:0:0:0:0:1','pageList','PaperClientServiceImpl','20180207','2018-02-07 16:11:22',0),
('2b6960ef7131410d883bea0ca2da69f1',1,'0:0:0:0:0:0:0:1','uploadFace','UserServiceImpl','20180415','2018-04-15 18:02:11',0),
('2bb736db07fc4382b31b186515df7546',1,'0:0:0:0:0:0:0:1','update','UserServiceImpl','20180207','2018-02-07 16:14:02',0),
('2cb2bf98ab864c6f8d93f1284c81c9ee',1,'0:0:0:0:0:0:0:1','pageAll','RoleServiceImpl','20180415','2018-04-15 18:09:30',0),
('2e2837179219465388e2aeae7cf33d38',1,'0:0:0:0:0:0:0:1','findAll','UserServiceImpl','20180207','2018-02-07 16:08:43',0),
('2ed5e151774b459985b924d169bb5b0c',1,'0:0:0:0:0:0:0:1','findAll','RoleServiceImpl','20180415','2018-04-15 18:18:23',0),
('2f5047c8f0574076b3e5de004f2f1e2d',1,'0:0:0:0:0:0:0:1','pageList','UserServiceImpl','20180415','2018-04-15 18:16:27',0),
('321c2ac8661b4a42ba9413a6d9381c94',1,'0:0:0:0:0:0:0:1','findAll','UserServiceImpl','20180207','2018-02-07 16:11:10',0),
('33fba6eef9cc449eb562053bdd2a2aab',1,'0:0:0:0:0:0:0:1','findAll','QuestionTypeServiceImpl','20180421','2018-04-21 22:03:27',0),
('34126b3e78fc4cf3873bdf6fc6d13445',1,'0:0:0:0:0:0:0:1','findAll','UserServiceImpl','20180415','2018-04-15 18:23:36',0),
('35274907a23441128ba5a7dd0c7627b0',1,'0:0:0:0:0:0:0:1','findModuleByLevel','ModuleServiceImpl','20180415','2018-04-15 18:09:52',0),
('358c736a717e4577b43f5c58e338a959',1,'0:0:0:0:0:0:0:1','findModuleByLevel','ModuleServiceImpl','20180421','2018-04-21 22:01:56',0),
('359fbed5c3214feba6110db7aed644be',1,'0:0:0:0:0:0:0:1','update','RoleServiceImpl','20180415','2018-04-15 18:09:52',0),
('3604ba483e464ecf9a7c8d1261621ab3',1,'0:0:0:0:0:0:0:1','pageList','LogServiceImpl','20180207','2018-02-07 16:06:44',0),
('36c216a5448f4d03a0a74ec8944816a9',1,'0:0:0:0:0:0:0:1','pageList','UserServiceImpl','20180207','2018-02-07 16:14:07',0),
('374a9425f4344d7e9e051ec4c354b8aa',1,'0:0:0:0:0:0:0:1','findAll','RoleServiceImpl','20180415','2018-04-15 18:07:26',0),
('37ea4720626a46558abcec2461b36497',1,'0:0:0:0:0:0:0:1','findById','UserServiceImpl','20180207','2018-02-07 16:14:11',0),
('387614f5db2a457e91cbe9c86e86fe1f',1,'0:0:0:0:0:0:0:1','findById','UserServiceImpl','20180207','2018-02-07 16:13:45',0),
('38e8f694a6414bc38dfcde401b0ea9e1',1,'0:0:0:0:0:0:0:1','pageList','LogServiceImpl','20180207','2018-02-07 16:09:34',0),
('38f2b3d91fae4f07a7f63988fb2228ee',1,'0:0:0:0:0:0:0:1','update','UserServiceImpl','20180207','2018-02-07 16:13:57',0),
('39cfddb700bb43f990320a48855c433e',1,'0:0:0:0:0:0:0:1','pageList','UserServiceImpl','20180207','2018-02-07 16:14:29',0),
('39e08e1dc8d448ef993b604ee0a581c4',1,'0:0:0:0:0:0:0:1','findModuleByLevel','ModuleServiceImpl','20180416','2018-04-16 17:59:01',0),
('3a113d01a5624becbc8807c81e0fca5e',1,'0:0:0:0:0:0:0:1','findById','PaperServiceImpl','20180421','2018-04-21 22:04:20',0),
('3ac806d776cf462f84800a0b3125b9b0',1,'0:0:0:0:0:0:0:1','findAll','UserServiceImpl','20180207','2018-02-07 16:08:08',0),
('3b118b9ee31a47f68a65367fb98036e0',1,'0:0:0:0:0:0:0:1','findAll','UserServiceImpl','20180421','2018-04-21 22:05:01',0),
('3f3d8fda71fd4cfd8b118994101ce794',1,'0:0:0:0:0:0:0:1','findModuleByLevel','ModuleServiceImpl','20180416','2018-04-16 17:57:59',0),
('4035ecb6baff4ad7a776c0372daa2a1e',1,'0:0:0:0:0:0:0:1','findModuleByLevel','ModuleServiceImpl','20180415','2018-04-15 18:09:30',0),
('40a8ee9c7f95434c98cc466571ddc19e',1,'0:0:0:0:0:0:0:1','addScoreAndSolution','PaperClientServiceImpl','20180421','2018-04-21 22:04:55',0),
('4341fa572e8046c2b3b210844187f442',1,'0:0:0:0:0:0:0:1','findChildType','AccountTypeServiceImpl','20180207','2018-02-07 16:11:04',0),
('43f11dd0f3b14f70ac50c7e5cf7dcd72',1,'0:0:0:0:0:0:0:1','findAll','RoleServiceImpl','20180207','2018-02-07 16:13:26',0),
('4595777ed6554c96a3f679e746a5fbac',1,'0:0:0:0:0:0:0:1','pageList','UserServiceImpl','20180207','2018-02-07 16:14:48',0),
('463b475884604b1ead15872a5b9e3dcd',1,'0:0:0:0:0:0:0:1','findModuleByLevel','ModuleServiceImpl','20180207','2018-02-07 16:06:40',0),
('482e6f00188e4970a7cd1fde2161ab48',1,'0:0:0:0:0:0:0:1','pageList','LogServiceImpl','20180207','2018-02-07 16:07:56',0),
('487537f9395a4b2cbf407e1514b0a66d',1,'0:0:0:0:0:0:0:1','pageList','UserServiceImpl','20180416','2018-04-16 17:59:49',0),
('49272d45699e4d05b0411e0e22875b4f',1,'0:0:0:0:0:0:0:1','pagePersonalList','AccountServiceImpl','20180207','2018-02-07 16:11:04',0),
('49a7f2c4db8b4243bfaa942458773102',1,'0:0:0:0:0:0:0:1','findAll','QuestionTypeServiceImpl','20180207','2018-02-07 16:11:19',0),
('49aa62be64804f3aaee7286f429413cf',1,'0:0:0:0:0:0:0:1','findAll','UserServiceImpl','20180207','2018-02-07 16:10:56',0),
('4ae6a15ce87d4238a72fb90cdc872378',1,'0:0:0:0:0:0:0:1','uploadFace','UserServiceImpl','20180415','2018-04-15 18:07:46',0),
('4eb2e04d5c824099a32a03b050164ee0',1,'0:0:0:0:0:0:0:1','findModuleByLevel','ModuleServiceImpl','20180415','2018-04-15 18:09:58',0),
('504b39f705664f7d86241e7a2cfaf5a0',1,'0:0:0:0:0:0:0:1','findChildType','AccountTypeServiceImpl','20180415','2018-04-15 18:24:54',0),
('507652fcd3a84768ac9a4f4a3027677e',1,'0:0:0:0:0:0:0:1','pageList','ModuleServiceImpl','20180416','2018-04-16 17:57:56',0),
('5124388400aa450c9e6eed9342a644a2',1,'0:0:0:0:0:0:0:1','pageAll','RoleServiceImpl','20180415','2018-04-15 18:22:12',0),
('51f5cb9011f54a12be1e2b590a208c3b',1,'0:0:0:0:0:0:0:1','update','UserServiceImpl','20180207','2018-02-07 16:13:36',0),
('52db027ed0364d92ade70e11b7e4aff2',1,'0:0:0:0:0:0:0:1','pageList','UserServiceImpl','20180415','2018-04-15 18:02:12',0),
('52fc58771657453a9950c548450d2977',1,'0:0:0:0:0:0:0:1','findChildType','AccountTypeServiceImpl','20180415','2018-04-15 18:24:54',0),
('53a8bda5319044c3baee1b59167519c2',1,'0:0:0:0:0:0:0:1','findModuleByLevel','ModuleServiceImpl','20180415','2018-04-15 18:10:04',0),
('543bcc3ca83a4a44a7ec5fda6a97e89a',1,'0:0:0:0:0:0:0:1','pageList','LogServiceImpl','20180207','2018-02-07 16:10:56',0),
('55628a8c48374dd1a0f99071832d5170',1,'0:0:0:0:0:0:0:1','findById','PaperServiceImpl','20180421','2018-04-21 22:04:20',0),
('568d2dfad32444acb172296e749cd6d9',1,'0:0:0:0:0:0:0:1','findAll','RoleServiceImpl','20180415','2018-04-15 18:07:57',0),
('569c74edda9f4c32a08c650ff0c03632',1,'0:0:0:0:0:0:0:1','pageList','UserServiceImpl','20180415','2018-04-15 18:01:15',0),
('57bd4e769b124f5da9b0ea33e0142b33',1,'0:0:0:0:0:0:0:1','findAll','RoleServiceImpl','20180207','2018-02-07 16:06:30',0),
('5912f6887a7f4f05bb4cf6d90b14da39',1,'0:0:0:0:0:0:0:1','findAll','QuestionTypeServiceImpl','20180421','2018-04-21 22:02:38',0),
('5dce0e98bbc64ea085a20503708dcc55',1,'0:0:0:0:0:0:0:1','pageAll','RoleServiceImpl','20180415','2018-04-15 18:09:52',0),
('5f17959f8a72479e851109e8123b05ee',1,'0:0:0:0:0:0:0:1','update','UserServiceImpl','20180207','2018-02-07 16:14:29',0),
('622dd9a65873483fbac2a03c03560740',1,'0:0:0:0:0:0:0:1','findModuleByLevel','ModuleServiceImpl','20180415','2018-04-15 18:09:19',0),
('625162f278704aa4ba8c6b7e887edbf7',1,'0:0:0:0:0:0:0:1','addPaper','PaperServiceImpl','20180421','2018-04-21 22:04:12',0),
('634bcbea3ed043f097bcc19cf8d94f31',1,'0:0:0:0:0:0:0:1','findAll','UserServiceImpl','20180207','2018-02-07 16:09:34',0),
('6384b7c893854cdb8b06c9c2cda41787',1,'0:0:0:0:0:0:0:1','update','UserServiceImpl','20180207','2018-02-07 16:13:50',0),
('638d26a815b24e479b59cd7f1d934a2b',1,'0:0:0:0:0:0:0:1','findAll','UserServiceImpl','20180207','2018-02-07 16:06:44',0),
('6429c0e305f14fe096eff02b1e651d0e',1,'0:0:0:0:0:0:0:1','findModuleByLevel','ModuleServiceImpl','20180416','2018-04-16 17:57:56',0),
('6549721b41894e1fb0b3b4a41be34b03',1,'0:0:0:0:0:0:0:1','findModuleByLevel','ModuleServiceImpl','20180416','2018-04-16 17:59:01',0),
('65941e0ed2344562b373ada7cff0c387',1,'0:0:0:0:0:0:0:1','pageAll','RoleServiceImpl','20180416','2018-04-16 17:57:59',0),
('68ca84859c8e445896a7f199db24e5ee',1,'0:0:0:0:0:0:0:1','findModuleByLevel','ModuleServiceImpl','20180415','2018-04-15 18:22:08',0),
('6a288a00632f46fa87ad849c56128d71',1,'0:0:0:0:0:0:0:1','pageAll','RoleServiceImpl','20180416','2018-04-16 18:00:28',0),
('6a776213cb174a5faa94d3a23e4a0307',1,'0:0:0:0:0:0:0:1','findAll','RoleServiceImpl','20180415','2018-04-15 18:01:15',0),
('6bf90be42f9a460ca6d2603448df6de7',1,'0:0:0:0:0:0:0:1','findAll','UserServiceImpl','20180207','2018-02-07 16:10:51',0),
('6cf695ed5d354d0589af29eec1b5d7a4',1,'0:0:0:0:0:0:0:1','pageList','ModuleServiceImpl','20180415','2018-04-15 18:10:04',0),
('6eb410e3f18f45f890f2b78d0ded6211',1,'0:0:0:0:0:0:0:1','findAll','RoleServiceImpl','20180415','2018-04-15 18:07:46',0),
('6f67dfce11a241289960848e0923aa89',1,'0:0:0:0:0:0:0:1','findModuleByLevel','ModuleServiceImpl','20180415','2018-04-15 18:22:08',0),
('703691ba0053443d82873399efa13b40',1,'0:0:0:0:0:0:0:1','findAll','RoleServiceImpl','20180207','2018-02-07 16:14:07',0),
('708459fd93334392ac5c73269e9047d5',1,'0:0:0:0:0:0:0:1','update','UserServiceImpl','20180207','2018-02-07 16:14:16',0),
('70ff32c5f0c44b19928869c67cbbe70e',1,'0:0:0:0:0:0:0:1','findAll','RoleServiceImpl','20180207','2018-02-07 16:14:39',0),
('71a8b057e66e4d49b2fa21566c88a7b6',1,'0:0:0:0:0:0:0:1','findModuleByLevel','ModuleServiceImpl','20180207','2018-02-07 16:06:40',0),
('720e02f710084964a0b2edb08fe623cc',1,'0:0:0:0:0:0:0:1','pagePersonalList','AccountTypeServiceImpl','20180416','2018-04-16 18:02:09',0),
('726ad60cd8b84242bde3485f7d540b53',1,'0:0:0:0:0:0:0:1','pageList','ModuleServiceImpl','20180415','2018-04-15 18:23:00',0),
('7283e647802e4abfafc1107d5d9c8094',1,'0:0:0:0:0:0:0:1','pageList','LogServiceImpl','20180207','2018-02-07 16:08:08',0),
('72be5cc913d545bb8e32d615a56777bd',1,'0:0:0:0:0:0:0:1','findAll','UserServiceImpl','20180207','2018-02-07 16:08:18',0),
('73318dbb50f749cea2985228930147dd',1,'0:0:0:0:0:0:0:1','pageAll','RoleServiceImpl','20180415','2018-04-15 18:09:30',0),
('73b6640e59fa43d09b5803cf569321ca',1,'0:0:0:0:0:0:0:1','findById','UserServiceImpl','20180415','2018-04-15 18:17:26',0),
('74abdae5793a431e8b187ffabe0bbd05',1,'0:0:0:0:0:0:0:1','pageList','UserServiceImpl','20180415','2018-04-15 18:12:23',0),
('74e3b136d61046c59a6563a4ce7ac05e',1,'0:0:0:0:0:0:0:1','findModuleByLevel','ModuleServiceImpl','20180416','2018-04-16 17:58:31',0),
('7624148c6eb3479eac54b52b28096349',1,'0:0:0:0:0:0:0:1','findModuleByLevel','ModuleServiceImpl','20180421','2018-04-21 22:02:05',0),
('766c083aee0b4d1baf6d24fafd6522eb',1,'0:0:0:0:0:0:0:1','findAll','RoleServiceImpl','20180415','2018-04-15 18:19:07',0),
('7676f8a281194a1381ff574dd22fa4a5',1,'0:0:0:0:0:0:0:1','findAll','RoleServiceImpl','20180415','2018-04-15 18:12:13',0),
('77964be2fe8440c2908c93ead1805d7b',1,'0:0:0:0:0:0:0:1','findAll','RoleServiceImpl','20180416','2018-04-16 18:00:02',0),
('77b4fc75280d4b81bc3ec708db21ec0b',1,'0:0:0:0:0:0:0:1','pageList','UserServiceImpl','20180207','2018-02-07 16:14:39',0),
('77c987fd9bc64fd7a2424ef1144ec90e',1,'0:0:0:0:0:0:0:1','findAll','UserServiceImpl','20180207','2018-02-07 16:10:43',0),
('780502530a1a4695881a5db0a315c917',1,'0:0:0:0:0:0:0:1','pageList','UserServiceImpl','20180415','2018-04-15 18:18:23',0),
('79174f1116604edc801e1b77aa8fad22',1,'0:0:0:0:0:0:0:1','findAll','UserServiceImpl','20180207','2018-02-07 16:11:18',0),
('799c98cba15c4f46a38f218289d697fc',1,'0:0:0:0:0:0:0:1','findAll','RoleServiceImpl','20180207','2018-02-07 16:14:51',0),
('7a428fb91d10484db18937439aa4d9e2',1,'0:0:0:0:0:0:0:1','findById','RoleServiceImpl','20180416','2018-04-16 17:58:50',0),
('7b08ad5bfa864acaa70b25c17069f442',1,'0:0:0:0:0:0:0:1','findAll','UserServiceImpl','20180207','2018-02-07 16:09:19',0),
('7c818f956b9d46429d8353ec096548de',1,'0:0:0:0:0:0:0:1','findModuleByLevel','ModuleServiceImpl','20180416','2018-04-16 17:58:31',0),
('7e5e0945c7f646998d2b3b3566da1940',1,'0:0:0:0:0:0:0:1','pageAll','RoleServiceImpl','20180416','2018-04-16 17:58:30',0),
('7fd61f6f9d354b988915908968d79ebf',1,'0:0:0:0:0:0:0:1','findById','UserServiceImpl','20180207','2018-02-07 16:14:44',0),
('822f4b3910104171a08ab6e7fa619ee7',1,'0:0:0:0:0:0:0:1','pageAll','RoleServiceImpl','20180416','2018-04-16 17:59:05',0),
('8323b6b94af543b7b68438ca2a6d88a1',1,'0:0:0:0:0:0:0:1','pageList','PaperClientServiceImpl','20180421','2018-04-21 22:04:55',0),
('83db17851b14456294ff03b3d406cd76',1,'0:0:0:0:0:0:0:1','pageList','LogServiceImpl','20180416','2018-04-16 18:01:38',0),
('84f69fd187d84b0992f5d5b2ba1c30e4',1,'0:0:0:0:0:0:0:1','pageList','UserServiceImpl','20180415','2018-04-15 18:10:54',0),
('853a83c50a6a48f19e6c7754ea3750c6',1,'0:0:0:0:0:0:0:1','pageList','UserServiceImpl','20180207','2018-02-07 16:14:42',0),
('85a285ea29394458a7d6b198f06279ca',1,'0:0:0:0:0:0:0:1','pagePersonalList','AccountTypeServiceImpl','20180415','2018-04-15 18:24:26',0),
('85a97883b48245bfb3993cac3bd3bf00',1,'0:0:0:0:0:0:0:1','findById','RoleServiceImpl','20180416','2018-04-16 17:58:09',0),
('87e0ee8f532e4db1b928d07cb73ec869',1,'0:0:0:0:0:0:0:1','pageList','LogServiceImpl','20180207','2018-02-07 16:09:50',0),
('87e8467408344463b7ac7d2d2b59eb19',1,'0:0:0:0:0:0:0:1','pageList','QuestionServiceImpl','20180421','2018-04-21 22:02:52',0),
('88911bb242dd4a6f959aa0fa518deaba',1,'0:0:0:0:0:0:0:1','findAll','QuestionTypeServiceImpl','20180421','2018-04-21 22:02:42',0),
('88ae49dbe6f2428faba28a7a9d438f8a',1,'0:0:0:0:0:0:0:1','pageAll','RoleServiceImpl','20180415','2018-04-15 18:21:31',0),
('895307e9a4e34e939bbdc853937a9c5b',1,'0:0:0:0:0:0:0:1','pageList','ModuleServiceImpl','20180421','2018-04-21 22:01:55',0),
('89d8bd98f7324b5797d77012ddddc884',1,'0:0:0:0:0:0:0:1','pageList','PaperServiceImpl','20180421','2018-04-21 22:03:26',0),
('8a188a519c8f4dbfb83dc2a24bab624b',1,'0:0:0:0:0:0:0:1','pageList','LogServiceImpl','20180207','2018-02-07 16:10:43',0),
('8a2bd5f0959846ee8ba633356a30849a',1,'0:0:0:0:0:0:0:1','pageList','ModuleServiceImpl','20180415','2018-04-15 18:09:18',0),
('8a7ed2671bf340dbbe3824f4aade0978',1,'0:0:0:0:0:0:0:1','findAll','QuestionTypeServiceImpl','20180421','2018-04-21 22:04:13',0),
('8aa7921b3a384b4bae5e609708bbfe26',1,'0:0:0:0:0:0:0:1','findAll','UserServiceImpl','20180207','2018-02-07 16:11:22',0),
('8ab1870c62a2472c8d890779125f323e',1,'0:0:0:0:0:0:0:1','pageList','UserServiceImpl','20180207','2018-02-07 16:13:26',0),
('8c2249811fe046b2a9c8e69f83bf796e',1,'0:0:0:0:0:0:0:1','pageList','PaperClientServiceImpl','20180421','2018-04-21 22:04:17',0),
('8cc727bbd000423c9e0d18e7bb708d9e',1,'0:0:0:0:0:0:0:1','pageAll','RoleServiceImpl','20180207','2018-02-07 16:06:40',0),
('8d11ac7118a84d21be9a71d0b1a163b1',1,'0:0:0:0:0:0:0:1','pageList','UserServiceImpl','20180207','2018-02-07 16:13:36',0),
('8d4fffaff3da4909919cd645d7fd4ebc',1,'0:0:0:0:0:0:0:1','findById','RoleServiceImpl','20180421','2018-04-21 22:02:10',0),
('8d7fb2f9d0cd418b9f4815ab295617be',1,'0:0:0:0:0:0:0:1','findAll','UserServiceImpl','20180421','2018-04-21 22:04:13',0),
('8df95e7fee40402d8cc80870add48fb3',1,'0:0:0:0:0:0:0:1','pageList','LogServiceImpl','20180207','2018-02-07 16:08:18',0),
('9049cf73d6a1426bbf8eb310270e94af',1,'0:0:0:0:0:0:0:1','findModuleByLevel','ModuleServiceImpl','20180416','2018-04-16 18:00:58',0),
('9070edd1fc38458e9cd18cf4f2534819',1,'0:0:0:0:0:0:0:1','findAll','UserServiceImpl','20180416','2018-04-16 18:04:13',0),
('915a8a9b7b93474b8cf472074125ed58',1,'0:0:0:0:0:0:0:1','findAll','RoleServiceImpl','20180207','2018-02-07 16:14:29',0),
('917851a66f7f476895608c85ca13a1c6',1,'0:0:0:0:0:0:0:1','findAll','RoleServiceImpl','20180415','2018-04-15 18:20:54',0),
('92155254c7364137ab60fd84b850ef5f',1,'0:0:0:0:0:0:0:1','pageList','UserServiceImpl','20180415','2018-04-15 18:19:06',0),
('93c1d84ad1974b94bd99b79f76a22ca4',1,'0:0:0:0:0:0:0:1','findById','UserServiceImpl','20180207','2018-02-07 16:13:53',0),
('94714ac929e440ed9a2915298c302dc7',1,'0:0:0:0:0:0:0:1','findAll','UserServiceImpl','20180416','2018-04-16 18:01:38',0),
('948cfc1d536341a8ac87a0d21defc497',1,'0:0:0:0:0:0:0:1','findAll','QuestionTypeServiceImpl','20180207','2018-02-07 16:11:15',0),
('952dd53db42643519c32bc82f34ef2e4',1,'0:0:0:0:0:0:0:1','pageList','UserServiceImpl','20180415','2018-04-15 18:12:44',0),
('96364de8e0d24eecbc0951db3e8b7a5a',1,'0:0:0:0:0:0:0:1','pageList','UserServiceImpl','20180415','2018-04-15 18:20:53',0),
('967e487976724cf0a320f8c1756f3283',1,'0:0:0:0:0:0:0:1','findModuleByLevel','ModuleServiceImpl','20180415','2018-04-15 18:21:31',0),
('977afc0024644599aed23648f685d971',1,'0:0:0:0:0:0:0:1','findChildType','AccountTypeServiceImpl','20180416','2018-04-16 18:03:00',0),
('97c17ee98a7c4388b84eef8ba26f4f25',1,'0:0:0:0:0:0:0:1','findModuleByLevel','ModuleServiceImpl','20180415','2018-04-15 18:09:31',0),
('9804331b0b6242498824957b36bf884d',1,'0:0:0:0:0:0:0:1','pageList','UserServiceImpl','20180207','2018-02-07 16:14:32',0),
('9977709563084a92b7a69ea6c72241ab',1,'0:0:0:0:0:0:0:1','findAll','UserServiceImpl','20180421','2018-04-21 22:04:17',0),
('9c7893d6d0d24161b4b08a2db5130380',1,'0:0:0:0:0:0:0:1','findAll','UserServiceImpl','20180207','2018-02-07 16:11:23',0),
('9ca043c4abed4e94854e73f826598c54',1,'0:0:0:0:0:0:0:1','pageList','UserServiceImpl','20180207','2018-02-07 16:05:38',0),
('9daf204f005b45bab31c3d99ebc60c41',1,'0:0:0:0:0:0:0:1','findAll','UserServiceImpl','20180415','2018-04-15 18:26:59',0),
('9e0b05798ef94e79b458f71085f59927',1,'0:0:0:0:0:0:0:1','pageList','UserServiceImpl','20180415','2018-04-15 18:07:57',0),
('9e16f5fc5b4241eea3a84fd3da57f19c',1,'0:0:0:0:0:0:0:1','findAll','RoleServiceImpl','20180415','2018-04-15 18:07:32',0),
('9f989e7843424f0ca5e53a91f50719f8',1,'0:0:0:0:0:0:0:1','pageList','PaperServiceImpl','20180421','2018-04-21 22:04:12',0),
('9fe380b6919f4a519a9ad370469dc730',1,'0:0:0:0:0:0:0:1','pageList','UserServiceImpl','20180415','2018-04-15 18:18:52',0),
('a0e9b8fc351c4cabb164f967729aabb2',1,'0:0:0:0:0:0:0:1','uploadFace','UserServiceImpl','20180415','2018-04-15 18:17:06',0),
('a1d94e1cdd92460f94e730d4d3a3790f',1,'0:0:0:0:0:0:0:1','findAll','RoleServiceImpl','20180415','2018-04-15 18:17:51',0),
('a33a8513410b4c1682c46295ecf0ca67',1,'0:0:0:0:0:0:0:1','findById','UserServiceImpl','20180207','2018-02-07 16:14:25',0),
('a3f741aa844a4b0c951b2d5042ad7b01',1,'0:0:0:0:0:0:0:1','pageList','LogServiceImpl','20180207','2018-02-07 16:09:04',0),
('a4acc666d934447fbf549d3ccd2b136b',1,'0:0:0:0:0:0:0:1','pagePersonalList','AccountServiceImpl','20180415','2018-04-15 18:24:54',0),
('a51d913c805a45d09071738bd74515e2',1,'0:0:0:0:0:0:0:1','findAll','RoleServiceImpl','20180207','2018-02-07 16:13:42',0),
('a64029d57c934ff99d3df4d4ed7192a5',1,'0:0:0:0:0:0:0:1','findAll','RoleServiceImpl','20180207','2018-02-07 16:14:48',0),
('a653c0f35ea044b0b4d8ac8705463bf8',1,'0:0:0:0:0:0:0:1','pageList','UserServiceImpl','20180207','2018-02-07 16:14:20',0),
('a6859fc060e24f0fba0a5fe24d9f01a7',1,'0:0:0:0:0:0:0:1','pageList','UserServiceImpl','20180415','2018-04-15 18:18:56',0),
('a790a7db4d6a40828ad888240cf16a7c',1,'0:0:0:0:0:0:0:1','findModuleByLevel','ModuleServiceImpl','20180416','2018-04-16 17:59:05',0),
('a84cbc8c1be841259cdf057f0da8646b',1,'0:0:0:0:0:0:0:1','pageList','UserServiceImpl','20180415','2018-04-15 18:07:46',0),
('a8abe021c75445389efe37e17ff43851',1,'0:0:0:0:0:0:0:1','pageList','UserServiceImpl','20180415','2018-04-15 18:09:38',0),
('aadf710b842848398458af85e0d50ff7',1,'0:0:0:0:0:0:0:1','pagePersonalList','AccountServiceImpl','20180416','2018-04-16 18:03:00',0),
('ab4e2b7491ed4fc1981e28a701de4460',1,'0:0:0:0:0:0:0:1','findAll','QuestionTypeServiceImpl','20180421','2018-04-21 22:02:52',0),
('ab909ee7b8d641559ce234e1846ebe15',1,'0:0:0:0:0:0:0:1','findAll','RoleServiceImpl','20180207','2018-02-07 16:14:02',0),
('ac612e2dcc3b419ab16ac5eb9e70c769',1,'0:0:0:0:0:0:0:1','findAll','RoleServiceImpl','20180415','2018-04-15 18:10:55',0),
('acc49c2adcc1422eb37ab0ea2c0fdf4b',1,'0:0:0:0:0:0:0:1','uploadFace','UserServiceImpl','20180415','2018-04-15 18:18:18',0),
('ad0a229c9fe749c59929637259fae1e9',1,'0:0:0:0:0:0:0:1','findById','UserServiceImpl','20180207','2018-02-07 16:13:30',0),
('adeb873fc45144769db8568cf47d363d',1,'0:0:0:0:0:0:0:1','findQuestionByPaperId','QuestionServiceImpl','20180421','2018-04-21 22:04:20',0),
('afed4591a9e0427396229fc920665a6b',1,'0:0:0:0:0:0:0:1','uploadFace','UserServiceImpl','20180415','2018-04-15 18:17:50',0),
('b1be5029cf484bb28e602c978a714495',1,'0:0:0:0:0:0:0:1','update','UserServiceImpl','20180207','2018-02-07 16:13:42',0),
('b3fea78c54ac42a7886799dfeeb1fcbb',1,'0:0:0:0:0:0:0:1','findAll','UserServiceImpl','20180207','2018-02-07 16:07:56',0),
('b4d2cff1908f4be9a7de8e8876332519',1,'0:0:0:0:0:0:0:1','findModuleByLevel','ModuleServiceImpl','20180415','2018-04-15 18:09:30',0),
('b5a6eea46b5c4ace9221f9d7f96e8a11',1,'0:0:0:0:0:0:0:1','findModuleByLevel','ModuleServiceImpl','20180415','2018-04-15 18:23:00',0),
('b6c2a42b91744dc389073e021a8e70af',1,'0:0:0:0:0:0:0:1','uploadFace','UserServiceImpl','20180415','2018-04-15 18:18:35',0),
('b8a386f2d75642b99c070a70b7d66373',1,'0:0:0:0:0:0:0:1','pageList','AccountServiceImpl','20180416','2018-04-16 18:03:42',0),
('b92285a968c246a9a3152c7213bd5d08',1,'0:0:0:0:0:0:0:1','uploadFace','UserServiceImpl','20180415','2018-04-15 18:17:21',0),
('b9359f6c8eb244648295c683f34f09b6',1,'0:0:0:0:0:0:0:1','findAll','RoleServiceImpl','20180415','2018-04-15 18:18:02',0),
('bb983e4b2aab41b78a3da24ac64144d8',1,'0:0:0:0:0:0:0:1','findModuleByLevel','ModuleServiceImpl','20180416','2018-04-16 18:00:28',0),
('bbe29fdde5bc46d8af8c83a65ea1bf42',1,'0:0:0:0:0:0:0:1','findAll','RoleServiceImpl','20180415','2018-04-15 18:18:35',0),
('bd202adc33d74d4ea7736a69fe7548db',1,'0:0:0:0:0:0:0:1','findAll','UserServiceImpl','20180421','2018-04-21 22:03:14',0),
('bef2dd71c28a46dca21aab11ba3fcb74',1,'0:0:0:0:0:0:0:1','findAll','RoleServiceImpl','20180207','2018-02-07 16:14:20',0),
('bf4adedcf2194f0f87d91846089467fc',1,'0:0:0:0:0:0:0:1','findModuleByLevel','ModuleServiceImpl','20180416','2018-04-16 17:59:05',0),
('bffd44b658ca407d8eab2b67365317bf',1,'0:0:0:0:0:0:0:1','findChildType','AccountTypeServiceImpl','20180416','2018-04-16 18:03:00',0),
('bffe583fe1404fbe98a9447ac665910f',1,'0:0:0:0:0:0:0:1','findModuleByLevel','ModuleServiceImpl','20180415','2018-04-15 18:21:31',0),
('c0ff01ba384c48f38d83c3b40ad790b1',1,'0:0:0:0:0:0:0:1','findById','UserServiceImpl','20180207','2018-02-07 16:14:04',0),
('c4e58aba7a3e4decad15c6cba94c7f63',1,'0:0:0:0:0:0:0:1','findAll','RoleServiceImpl','20180415','2018-04-15 18:18:52',0),
('c67e3e622d714067a4a09707800fe13f',1,'0:0:0:0:0:0:0:1','findAll','RoleServiceImpl','20180207','2018-02-07 16:13:57',0),
('c71963252c584394869afc316a0d15ce',1,'0:0:0:0:0:0:0:1','pageList','UserServiceImpl','20180207','2018-02-07 16:12:00',0),
('c781430185c54dd48f652c3adfc47475',1,'0:0:0:0:0:0:0:1','pageList','UserServiceImpl','20180416','2018-04-16 18:00:02',0),
('c7ec1568452e436bbb22b92854f3895d',1,'0:0:0:0:0:0:0:1','findModuleByLevel','ModuleServiceImpl','20180207','2018-02-07 16:06:42',0),
('c7f05aa45aed4a1c9a467428e22c10f0',1,'0:0:0:0:0:0:0:1','findAll','RoleServiceImpl','20180415','2018-04-15 18:17:21',0),
('c842e387d24a40889a8e23053763a7db',1,'0:0:0:0:0:0:0:1','pageList','AccountServiceImpl','20180415','2018-04-15 18:26:05',0),
('c8dd9653b2bc4c608bcd235669bddbc2',1,'0:0:0:0:0:0:0:1','pageList','UserServiceImpl','20180415','2018-04-15 18:07:26',0),
('cad306f058d8425bb39fa24e6be9c22a',1,'0:0:0:0:0:0:0:1','changeState','ModuleServiceImpl','20180415','2018-04-15 18:10:03',0),
('cb42d2d8d1bc4a4aba1d362e4f811973',1,'0:0:0:0:0:0:0:1','pageList','UserServiceImpl','20180415','2018-04-15 18:18:02',0),
('cba27997c2b4403783a0d97483f05683',1,'0:0:0:0:0:0:0:1','pageList','UserServiceImpl','20180415','2018-04-15 18:17:21',0),
('cbee13fd715546968a00331e2df1835e',1,'0:0:0:0:0:0:0:1','pageList','UserServiceImpl','20180207','2018-02-07 16:14:16',0),
('cd966fc8071646c7bc4292be252ff80c',1,'0:0:0:0:0:0:0:1','pageList','AccountServiceImpl','20180415','2018-04-15 18:02:25',0),
('ce4b9393303042a19a940a2f294d147b',1,'0:0:0:0:0:0:0:1','uploadFace','UserServiceImpl','20180415','2018-04-15 18:17:36',0),
('cf5e3646e6ef4893a847260cbfce1ba4',1,'0:0:0:0:0:0:0:1','findModuleByLevel','ModuleServiceImpl','20180421','2018-04-21 22:02:14',0),
('cf77bf352148453c8527350f7b5224e2',1,'0:0:0:0:0:0:0:1','findModuleByLevel','ModuleServiceImpl','20180415','2018-04-15 18:09:52',0),
('d0dc35f352ea40cb94836aaa997809dd',1,'0:0:0:0:0:0:0:1','findAll','RoleServiceImpl','20180415','2018-04-15 18:18:18',0),
('d178bbce9a7647879102dea95770ef90',1,'0:0:0:0:0:0:0:1','pageList','UserServiceImpl','20180207','2018-02-07 16:13:42',0),
('d189465e78ef429f8a612d6148a993cb',1,'0:0:0:0:0:0:0:1','findAll','RoleServiceImpl','20180415','2018-04-15 18:18:56',0),
('d3bcc5d80cf449839478f33f846112f7',1,'0:0:0:0:0:0:0:1','pageAll','RoleServiceImpl','20180421','2018-04-21 22:02:05',0),
('d4109e5cb8234b91b426806d00e24efc',1,'0:0:0:0:0:0:0:1','findModuleByLevel','ModuleServiceImpl','20180416','2018-04-16 17:57:59',0),
('d60ee56685014683b0485edbf09a919f',1,'0:0:0:0:0:0:0:1','pageList','LogServiceImpl','20180415','2018-04-15 18:23:36',0),
('d6f14fe856b04ec68adfb1b4c7cd1a2b',1,'0:0:0:0:0:0:0:1','findModuleByLevel','ModuleServiceImpl','20180421','2018-04-21 22:02:14',0),
('d836112e123a401eb4266bb4218c0c01',1,'0:0:0:0:0:0:0:1','pageList','ModuleServiceImpl','20180207','2018-02-07 16:06:42',0),
('d8b03fef77a24c75ad346dbedae2e144',1,'0:0:0:0:0:0:0:1','findAll','UserServiceImpl','20180207','2018-02-07 16:09:50',0),
('d9a3ac2bd616455dbb0a384fe4f0f45c',1,'0:0:0:0:0:0:0:1','findAll','UserServiceImpl','20180207','2018-02-07 16:11:09',0),
('da3ee360e36f4ea4bd0fde666fb93de8',1,'0:0:0:0:0:0:0:1','pageList','ModuleServiceImpl','20180416','2018-04-16 18:00:58',0),
('dd39a9809abc4e9093361cb0c82bbb5f',1,'0:0:0:0:0:0:0:1','pageList','UserServiceImpl','20180415','2018-04-15 18:18:40',0),
('de97cc87aae14d82ac440ca82fe76a36',1,'0:0:0:0:0:0:0:1','pageList','ChannelDataServiceImpl','20180207','2018-02-07 16:11:11',0),
('deba86f509574ea6a4df8db514ef0d16',1,'0:0:0:0:0:0:0:1','update','UserServiceImpl','20180207','2018-02-07 16:14:48',0),
('e204a13c6b9542d3b5b9f85c7babdefa',1,'0:0:0:0:0:0:0:1','pageAll','RoleServiceImpl','20180415','2018-04-15 18:09:42',0),
('e3adbe8f27db481ca6a4276f4e106423',1,'0:0:0:0:0:0:0:1','pageList','UserServiceImpl','20180207','2018-02-07 16:14:02',0),
('e43a332adbce4ec8ad70751852c33456',1,'0:0:0:0:0:0:0:1','findAll','RoleServiceImpl','20180415','2018-04-15 18:02:12',0),
('e5bfccac36754331a7f5b1d31c81f382',1,'0:0:0:0:0:0:0:1','uploadFace','UserServiceImpl','20180415','2018-04-15 18:18:51',0),
('e67971a3fdd24ef3b7be149339123c0d',1,'0:0:0:0:0:0:0:1','showPersonalList','ScoreServiceImpl','20180207','2018-02-07 16:11:23',0),
('e67a91e3d7da4d6fb2d661a484c14b44',1,'0:0:0:0:0:0:0:1','pageList','AccountServiceImpl','20180207','2018-02-07 16:11:09',0),
('e7371c6cc4304238bda7d64485e8399a',1,'0:0:0:0:0:0:0:1','findAll','RoleServiceImpl','20180207','2018-02-07 16:06:29',0),
('e75082c48d8a45fcbc3bf3858ea26f81',1,'0:0:0:0:0:0:0:1','findAll','RoleServiceImpl','20180207','2018-02-07 16:06:39',0),
('e81a320916424616a05d9135cadf31e2',1,'0:0:0:0:0:0:0:1','findAll','RoleServiceImpl','20180207','2018-02-07 16:14:42',0),
('e85f7e65ef55491681c318a34f2c732d',1,'0:0:0:0:0:0:0:1','pageList','ModuleServiceImpl','20180415','2018-04-15 18:09:58',0),
('e8f9391f3326430e8d67f64e1c719b37',1,'0:0:0:0:0:0:0:1','pageList','UserServiceImpl','20180415','2018-04-15 18:18:18',0),
('ec89c98ed9eb4554bf030779baf9dc6c',1,'0:0:0:0:0:0:0:1','pageList','PaperServiceImpl','20180207','2018-02-07 16:11:19',0),
('ecb228bad9c04b62835fe885bb2de0a2',1,'0:0:0:0:0:0:0:1','findById','UserServiceImpl','20180207','2018-02-07 16:13:59',0),
('ed5e362fe2004587a041e19331f71e70',1,'0:0:0:0:0:0:0:1','pageAll','RoleServiceImpl','20180415','2018-04-15 18:22:08',0),
('ee561c34fe3c432ea17342a717e27677',1,'0:0:0:0:0:0:0:1','uploadFace','UserServiceImpl','20180415','2018-04-15 18:18:02',0),
('ee8dbc58e3004b7fb4c30ac31e0f2ffb',1,'0:0:0:0:0:0:0:1','findAll','RoleServiceImpl','20180207','2018-02-07 16:05:38',0),
('efed1d9b68a449b286c15b90b44bc859',1,'0:0:0:0:0:0:0:1','pageAll','RoleServiceImpl','20180421','2018-04-21 22:02:14',0),
('f028998d59bb4069b2f8156aaf82ad22',1,'0:0:0:0:0:0:0:1','findAll','RoleServiceImpl','20180415','2018-04-15 18:17:36',0),
('f0ab5f9a6d41484db5f329efd46a8694',1,'0:0:0:0:0:0:0:1','findAll','RoleServiceImpl','20180415','2018-04-15 18:12:23',0),
('f276f42730454ba5b4b30038b0664b15',1,'0:0:0:0:0:0:0:1','findById','RoleServiceImpl','20180416','2018-04-16 17:58:38',0),
('f4006e357c734d76b183ca0ea0f339d7',1,'0:0:0:0:0:0:0:1','findById','UserServiceImpl','20180207','2018-02-07 16:14:35',0),
('f6213b185a7945e5a4185a52a294d88b',1,'0:0:0:0:0:0:0:1','findAll','RoleServiceImpl','20180207','2018-02-07 16:14:16',0),
('f624c2f8e4e5479f8d5fec076a974a9b',1,'0:0:0:0:0:0:0:1','pageList','LogServiceImpl','20180207','2018-02-07 16:10:46',0),
('f649329f71144f9ba09691447c380219',1,'0:0:0:0:0:0:0:1','pageList','UserServiceImpl','20180207','2018-02-07 16:06:39',0),
('f6ca25a861e144ca8b90dc8f99e92d5d',1,'0:0:0:0:0:0:0:1','pageList','UserServiceImpl','20180415','2018-04-15 18:18:07',0),
('f743f6d8d64146ccb6f2c4d728133af5',1,'0:0:0:0:0:0:0:1','findAll','UserServiceImpl','20180415','2018-04-15 18:02:26',0),
('f7fb9e2d32174ee08a05fb9bafcef8e1',1,'0:0:0:0:0:0:0:1','pageList','UserServiceImpl','20180415','2018-04-15 18:18:35',0),
('f8abf8fde77140b18bb65c92df7580d7',1,'0:0:0:0:0:0:0:1','pageList','LogServiceImpl','20180207','2018-02-07 16:09:19',0),
('f9b4e6ab8a144456a3b07f95005a3587',1,'0:0:0:0:0:0:0:1','pageList','LogServiceImpl','20180207','2018-02-07 16:10:51',0),
('fab82fb9c021441aaa8ca55538583a1c',1,'0:0:0:0:0:0:0:1','pageList','MoneyServiceImpl','20180207','2018-02-07 16:11:10',0),
('fba3acc259934123aaed257f6164efe9',1,'0:0:0:0:0:0:0:1','pageList','QuestionServiceImpl','20180421','2018-04-21 22:03:02',0),
('fbd689d6465540ccb07bff6e7f2946bb',1,'0:0:0:0:0:0:0:1','findAll','UserServiceImpl','20180207','2018-02-07 16:09:04',0),
('fc448f97a93f43e79d6b4ff5482845b4',1,'0:0:0:0:0:0:0:1','pageList','UserServiceImpl','20180207','2018-02-07 16:06:30',0),
('fcda624e2ab541feabb8309bcac0162e',1,'0:0:0:0:0:0:0:1','pageList','ScoreServiceImpl','20180207','2018-02-07 16:11:18',0),
('fcfd260c51ab47148cfb4175324de74c',1,'0:0:0:0:0:0:0:1','findModuleByLevel','ModuleServiceImpl','20180415','2018-04-15 18:09:42',0),
('fe263c61785446db9f9314a2dc5d31ac',1,'0:0:0:0:0:0:0:1','pageList','UserServiceImpl','20180415','2018-04-15 18:17:06',0),
('ffa129b8aabb41729b7eb055b37ea75b',1,'0:0:0:0:0:0:0:1','pagePersonalList','AccountTypeServiceImpl','20180207','2018-02-07 16:11:01',0),
('ffbb980a7f8d4d98a1c6aceb92ec6dc6',1,'0:0:0:0:0:0:0:1','findAll','QuestionTypeServiceImpl','20180421','2018-04-21 22:03:02',0);

/*Table structure for table `tb_xn_sys_module` */

DROP TABLE IF EXISTS `tb_xn_sys_module`;

CREATE TABLE `tb_xn_sys_module` (
  `module_id` int(11) NOT NULL AUTO_INCREMENT COMMENT '模块ID',
  `module_name` varchar(50) NOT NULL COMMENT '模块名称',
  `parent_id` int(11) NOT NULL DEFAULT '0' COMMENT '父级模块ID',
  `module_level` tinyint(1) NOT NULL COMMENT '菜单级别',
  `action_url` varchar(100) DEFAULT NULL COMMENT '访问URL',
  `is_allowed` tinyint(1) NOT NULL DEFAULT '0' COMMENT '是否可分配(0:可以,1:不可以)',
  `is_ok` tinyint(1) NOT NULL DEFAULT '0' COMMENT '是否有效(0:有效,1:无效)',
  `create_time` datetime NOT NULL COMMENT '创建时间',
  `update_time` datetime NOT NULL COMMENT '更新时间',
  `remark` varchar(255) DEFAULT NULL COMMENT '备注',
  PRIMARY KEY (`module_id`),
  KEY `isDeleted` (`is_ok`),
  KEY `selected` (`parent_id`,`module_level`,`is_allowed`)
) ENGINE=InnoDB AUTO_INCREMENT=30 DEFAULT CHARSET=utf8;

/*Data for the table `tb_xn_sys_module` */

insert  into `tb_xn_sys_module`(`module_id`,`module_name`,`parent_id`,`module_level`,`action_url`,`is_allowed`,`is_ok`,`create_time`,`update_time`,`remark`) values 
(1,'系统管理',0,1,'',0,0,'2017-11-28 16:58:17','2018-01-07 14:49:43','系统管理'),
(2,'用户管理',1,2,'/system/user/showAllUser.do',0,0,'2017-11-28 16:58:17','2018-01-07 14:49:53','用户管理'),
(3,'角色管理',1,2,'/system/role/showAllRole.do',0,0,'2017-11-28 16:58:17','2018-01-07 14:49:31','角色管理'),
(4,'模块管理',1,2,'/system/module/showAllModule.do',0,0,'2017-11-28 16:58:17','2018-01-07 14:42:09','模块管理'),
(10,'账务管理',0,1,'',0,0,'2017-12-01 09:15:31','2018-01-07 14:49:18','账务管理'),
(12,'个人账务分类管理',10,2,'/account/type/showPersonalType.do',0,0,'2017-12-01 17:17:41','2018-01-07 14:48:53','个人账务分类管理'),
(13,'个人账务管理',10,2,'/account/account/showPersonalAccount.do',0,0,'2017-12-04 10:24:29','2018-01-07 14:49:06','个人账务管理'),
(14,'数据统计',0,1,'',0,0,'2018-01-03 10:47:49','2018-01-07 14:48:42','数据统计'),
(15,'总账务统计',14,2,'/account/account/showAllAccount.do',0,0,'2018-01-03 10:48:32','2018-01-07 14:48:33','总账务统计'),
(16,'总资产统计',14,2,'/account/money/showAllMoney.do',0,0,'2018-01-03 10:49:00','2018-01-09 09:47:53','总资产统计'),
(17,'考试管理',0,1,'',0,0,'2018-01-07 14:41:53','2018-01-07 14:41:53','考试管理'),
(18,'题型管理',17,2,'/exam/type/showAllType.do',0,0,'2018-01-07 14:51:17','2018-01-07 15:01:17','题型管理'),
(19,'题库管理',17,2,'/exam/question/showAllQuestion.do',0,0,'2018-01-07 14:52:30','2018-01-07 14:52:30','题库管理'),
(20,'试卷管理',17,2,'/exam/paper/showAllPaper.do',0,0,'2018-01-07 14:53:15','2018-01-08 12:27:18','试卷管理'),
(24,'在线考试',0,1,NULL,0,0,'2018-01-17 15:08:03','2018-01-17 15:31:10','在线考试'),
(25,'所有试卷',24,2,'/exam/exam/showAllClientPaper.do',0,0,'2018-01-17 15:28:53','2018-01-17 15:28:53','所有试卷'),
(26,'批阅试卷',17,2,'/exam/score/showAllScore.do',0,0,'2018-01-17 15:31:01','2018-01-19 13:45:00','批阅试卷'),
(27,'已考试卷',24,2,'/exam/score/showPersonalScore.do',0,0,'2018-01-17 15:32:08','2018-01-17 15:32:08','已考试卷'),
(28,'渠道数据',14,2,'/data/channel/showAllChannelData.do',1,0,'2018-01-22 11:56:06','2018-04-15 18:10:03','渠道数据'),
(29,'日志管理',1,2,'/system/log/showAllLog.do',0,0,'2018-01-23 15:27:03','2018-01-23 15:27:03','日志管理');

/*Table structure for table `tb_xn_sys_role` */

DROP TABLE IF EXISTS `tb_xn_sys_role`;

CREATE TABLE `tb_xn_sys_role` (
  `role_id` int(11) NOT NULL AUTO_INCREMENT COMMENT '角色ID',
  `role_name` varchar(50) NOT NULL COMMENT '角色名称',
  `is_ok` tinyint(1) NOT NULL DEFAULT '0' COMMENT '是否有效',
  `create_time` datetime NOT NULL COMMENT '创建时间',
  `update_time` timestamp NOT NULL DEFAULT CURRENT_TIMESTAMP ON UPDATE CURRENT_TIMESTAMP COMMENT '更新时间',
  `remark` varchar(255) DEFAULT NULL COMMENT '备注',
  PRIMARY KEY (`role_id`),
  KEY `isDeleted` (`is_ok`)
) ENGINE=InnoDB AUTO_INCREMENT=7 DEFAULT CHARSET=utf8;

/*Data for the table `tb_xn_sys_role` */

insert  into `tb_xn_sys_role`(`role_id`,`role_name`,`is_ok`,`create_time`,`update_time`,`remark`) values 
(1,'超级管理员',0,'2017-11-28 16:47:04','2018-04-21 22:02:14','超级管理员'),
(2,'学生',0,'2017-11-28 16:47:04','2018-01-17 15:54:02','学生'),
(3,'教师',0,'2018-01-09 09:33:30','2018-01-17 15:54:20','教师'),
(4,'普通用户',0,'2018-01-17 15:48:32','2018-01-17 15:48:32','普通用户'),
(5,'测试1',0,'2018-01-27 11:23:57','2018-01-27 11:23:57','测试1'),
(6,'测试2',0,'2018-01-27 11:24:07','2018-01-27 11:24:07','测试2');

/*Table structure for table `tb_xn_sys_role_module` */

DROP TABLE IF EXISTS `tb_xn_sys_role_module`;

CREATE TABLE `tb_xn_sys_role_module` (
  `id` int(11) NOT NULL AUTO_INCREMENT COMMENT '主键ID',
  `role_id` int(11) NOT NULL COMMENT '角色ID',
  `module_id` int(11) NOT NULL COMMENT '模块ID',
  `is_ok` tinyint(1) NOT NULL DEFAULT '0' COMMENT '是否有效，默认为0代表有效',
  PRIMARY KEY (`id`),
  KEY `isDeleted` (`is_ok`)
) ENGINE=InnoDB AUTO_INCREMENT=372 DEFAULT CHARSET=utf8;

/*Data for the table `tb_xn_sys_role_module` */

insert  into `tb_xn_sys_role_module`(`id`,`role_id`,`module_id`,`is_ok`) values 
(184,4,10,0),
(185,4,12,0),
(186,4,13,0),
(216,2,10,0),
(217,2,24,0),
(218,2,12,0),
(219,2,13,0),
(220,2,25,0),
(221,2,27,0),
(222,3,10,0),
(223,3,17,0),
(224,3,12,0),
(225,3,13,0),
(226,3,18,0),
(227,3,19,0),
(228,3,20,0),
(229,3,26,0),
(249,1,1,1),
(250,1,10,1),
(251,1,14,1),
(252,1,17,1),
(253,1,24,1),
(254,1,2,1),
(255,1,3,1),
(256,1,4,1),
(257,1,12,1),
(258,1,13,1),
(259,1,15,1),
(260,1,16,1),
(261,1,18,1),
(262,1,19,1),
(263,1,20,1),
(264,1,25,1),
(265,1,26,1),
(266,1,27,1),
(267,1,28,1),
(268,1,29,1),
(269,1,1,1),
(270,1,10,1),
(271,1,14,1),
(272,1,17,1),
(273,1,24,1),
(274,1,2,1),
(275,1,3,1),
(276,1,4,1),
(277,1,12,1),
(278,1,13,1),
(279,1,15,1),
(280,1,16,1),
(281,1,18,1),
(282,1,19,1),
(283,1,20,1),
(284,1,25,1),
(285,1,26,1),
(286,1,27,1),
(287,1,29,1),
(288,1,1,1),
(289,1,10,1),
(290,1,14,1),
(291,1,17,1),
(292,1,24,1),
(293,1,2,1),
(294,1,3,1),
(295,1,4,1),
(296,1,12,1),
(297,1,13,1),
(298,1,15,1),
(299,1,16,1),
(300,1,18,1),
(301,1,19,1),
(302,1,20,1),
(303,1,25,1),
(304,1,26,1),
(305,1,27,1),
(306,1,28,1),
(307,1,29,1),
(308,5,14,0),
(309,5,24,0),
(310,5,15,0),
(311,5,16,0),
(312,5,25,0),
(313,5,27,0),
(314,5,28,0),
(315,6,1,0),
(316,6,24,0),
(317,6,2,0),
(318,6,3,0),
(319,6,4,0),
(320,6,25,0),
(321,6,27,0),
(322,6,29,0),
(323,1,1,1),
(324,1,10,1),
(325,1,14,1),
(326,1,17,1),
(327,1,24,1),
(328,1,2,1),
(329,1,3,1),
(330,1,4,1),
(331,1,12,1),
(332,1,13,1),
(333,1,15,1),
(334,1,16,1),
(335,1,18,1),
(336,1,19,1),
(337,1,20,1),
(338,1,25,1),
(339,1,26,1),
(340,1,27,1),
(341,1,29,1),
(342,1,1,1),
(343,1,10,1),
(344,1,14,1),
(345,1,2,1),
(346,1,3,1),
(347,1,4,1),
(348,1,12,1),
(349,1,13,1),
(350,1,15,1),
(351,1,16,1),
(352,1,29,1),
(353,1,1,0),
(354,1,10,0),
(355,1,14,0),
(356,1,17,0),
(357,1,24,0),
(358,1,2,0),
(359,1,3,0),
(360,1,4,0),
(361,1,12,0),
(362,1,13,0),
(363,1,15,0),
(364,1,16,0),
(365,1,18,0),
(366,1,19,0),
(367,1,20,0),
(368,1,25,0),
(369,1,26,0),
(370,1,27,0),
(371,1,29,0);

/*Table structure for table `tb_xn_sys_user` */

DROP TABLE IF EXISTS `tb_xn_sys_user`;

CREATE TABLE `tb_xn_sys_user` (
  `user_id` int(11) NOT NULL AUTO_INCREMENT COMMENT '账户ID',
  `role_id` int(11) NOT NULL COMMENT '角色ID',
  `user_name` varchar(50) NOT NULL COMMENT '账号名称',
  `user_pwd` varchar(50) NOT NULL COMMENT '账号密码',
  `user_face` varchar(50) DEFAULT NULL COMMENT '用户头像,可为空',
  `user_state` tinyint(1) NOT NULL DEFAULT '0' COMMENT '用户状态：0：启用，1：禁用',
  `is_ok` tinyint(1) NOT NULL DEFAULT '0' COMMENT '是否有效：0：未删，1：删除',
  `create_time` datetime NOT NULL COMMENT '创建时间',
  `update_time` timestamp NOT NULL DEFAULT CURRENT_TIMESTAMP ON UPDATE CURRENT_TIMESTAMP COMMENT '更新时间',
  `remark` varchar(255) DEFAULT NULL COMMENT '备注',
  PRIMARY KEY (`user_id`),
  KEY `isDeleted` (`is_ok`),
  KEY `login` (`user_name`(10),`user_pwd`(10))
) ENGINE=InnoDB AUTO_INCREMENT=16 DEFAULT CHARSET=utf8;

/*Data for the table `tb_xn_sys_user` */

insert  into `tb_xn_sys_user`(`user_id`,`role_id`,`user_name`,`user_pwd`,`user_face`,`user_state`,`is_ok`,`create_time`,`update_time`,`remark`) values 
(1,1,'admin','0173701f7d981e89c8c1009eaca38c3b','f4244d737d7c4e049aab2fb5d68afd3a.jpg',0,0,'2017-11-28 18:06:19','2018-04-15 18:18:18','超级管理员'),
(6,1,'wanlei','dc360d3467d3b015852538dad53ed580','45f72110e5c04c6abd4337a71da66683.jpg',1,0,'2017-11-30 14:20:02','2018-04-15 18:18:51','管理员'),
(9,1,'root','7e35acfc786705748a1037b564fe8324','4588a7aabd2b4657a4c2e5273b48849d.jpg',0,0,'2017-11-30 17:34:23','2018-04-15 18:18:35','管理员'),
(10,2,'林俊杰','8fa96f4b55a81200e7733ab784a05a79','7e24a9e9919b47579e00d34caf291119.jpg',1,0,'2017-12-01 16:02:46','2018-02-07 16:14:16','学生'),
(11,2,'123','065f994fd65b8240a5af6c333d3288c3','de399ff10a844bb29a6afeb16915117c.jpg',0,0,'2017-12-01 16:03:41','2018-04-15 18:18:01','学生'),
(12,2,'lisi','4bf7c0ecc3f7159a59bc619aa2531059','56b837689fe8425fb47e0808d9edf90a.jpg',0,0,'2017-12-01 16:03:56','2018-04-15 18:17:50','学生'),
(13,3,'lijun','0f45a38cf2e0196214ebd93a01e65f3b','f58f82f0334746d0be07433a4e84c00e.jpg',0,0,'2018-01-03 14:57:15','2018-04-15 18:17:35','教师'),
(14,2,'test','a80f13038a2f2af715eea4fc991e5c89','3880e3819bca4ad190e90d4b201b58b8.jpg',0,0,'2018-01-22 17:43:17','2018-04-15 18:17:20','测试'),
(15,4,'王五','380a1e6b1b41423bf55b856511c11b22','adb1346aa8dd43c48b840a031abf0fcb.jpg',0,0,'2018-01-25 14:35:04','2018-04-15 18:17:06','测试1');

/*!40101 SET SQL_MODE=@OLD_SQL_MODE */;
/*!40014 SET FOREIGN_KEY_CHECKS=@OLD_FOREIGN_KEY_CHECKS */;
/*!40014 SET UNIQUE_CHECKS=@OLD_UNIQUE_CHECKS */;
/*!40111 SET SQL_NOTES=@OLD_SQL_NOTES */;
